time_s,d0,d1
0,1,0
0.001,1,1
0.002,1,1
0.003,1,1
0.004,1,1
0.005,1,1
0.006,1,1
0.007,1,1
0.008,1,1
0.009,1,1
0.01,1,1
0.011,1,1
0.012,1,1
0.013,1,1
0.014,1,1
0.015,1,1
0.016,1,1
0.017,1,1
0.018,1,1
0.019,1,1
0.02,1,1
0.021,1,1
0.022,1,1
0.023,1,1
0.024,1,1
0.025,1,1
0.026,1,1
0.027,1,1
0.028,1,1
0.029,1,1
0.03,1,1
0.031,1,1
0.032,1,1
0.033,1,1
0.034,1,1
0.035,1,1
0.036,1,1
0.037,1,1
0.038,1,1
0.039,1,1
0.04,1,1
0.041,1,1
0.042,1,1
0.043,1,1
0.044,1,1
0.045,1,1
0.046,1,1
0.047,1,1
0.048,1,1
0.049,1,1
0.05,1,1
0.051,1,0
0.052,1,0
0.053,1,0
0.054,1,0
0.055,1,0
0.056,1,0
0.057,1,0
0.058,1,0
0.059,1,0
0.06,1,0
0.061,1,0
0.062,1,0
0.063,1,0
0.064,1,0
0.065,1,0
0.066,1,0
0.067,1,0
0.068,1,0
0.069,1,0
0.07,1,0
0.071,1,0
0.072,1,0
0.073,1,0
0.074,1,0
0.075,1,0
0.076,1,0
0.077,1,0
0.078,1,0
0.079,1,0
0.08,1,0
0.081,1,0
0.082,1,0
0.083,1,0
0.084,1,0
0.085,1,0
0.086,1,0
0.087,1,0
0.088,1,0
0.089,1,0
0.09,1,0
0.091,1,0
0.092,1,0
0.093,1,0
0.094,1,0
0.095,1,0
0.096,1,0
0.097,1,0
0.098,1,0
0.099,1,0
0.1,1,0
0.101,1,1
0.102,1,1
0.103,1,1
0.104,1,1
0.105,1,1
0.106,1,1
0.107,1,1
0.108,1,1
0.109,1,1
0.11,1,1
0.111,1,1
0.112,1,1
0.113,1,1
0.114,1,1
0.115,1,1
0.116,1,1
0.117,1,1
0.118,1,1
0.119,1,1
0.12,1,1
0.121,1,1
0.122,1,1
0.123,1,1
0.124,1,1
0.125,1,1
0.126,1,1
0.127,1,1
0.128,1,1
0.129,1,1
0.13,1,1
0.131,1,1
0.132,1,1
0.133,1,1
0.134,1,1
0.135,1,1
0.136,1,1
0.137,1,1
0.138,1,1
0.139,1,1
0.14,1,1
0.141,1,1
0.142,1,1
0.143,1,1
0.144,1,1
0.145,1,1
0.146,1,1
0.147,1,1
0.148,1,1
0.149,1,1
0.15,1,1
0.151,1,0
0.152,1,0
0.153,1,0
0.154,1,0
0.155,1,0
0.156,1,0
0.157,1,0
0.158,1,0
0.159,1,0
0.16,1,0
0.161,1,0
0.162,1,0
0.163,1,0
0.164,1,0
0.165,1,0
0.166,1,0
0.167,1,0
0.168,1,0
0.169,1,0
0.17,1,0
0.171,1,0
0.172,1,0
0.173,1,0
0.174,1,0
0.175,1,0
0.176,1,0
0.177,1,0
0.178,1,0
0.179,1,0
0.18,1,0
0.181,1,0
0.182,1,0
0.183,1,0
0.184,1,0
0.185,1,0
0.186,1,0
0.187,1,0
0.188,1,0
0.189,1,0
0.19,1,0
0.191,1,0
0.192,1,0
0.193,1,0
0.194,1,0
0.195,1,0
0.196,1,0
0.197,1,0
0.198,1,0
0.199,1,0
0.2,1,0
0.201,1,1
0.202,1,1
0.203,1,1
0.204,1,1
0.205,1,1
0.206,1,1
0.207,1,1
0.208,1,1
0.209,1,1
0.21,1,1
0.211,1,1
0.212,1,1
0.213,1,1
0.214,1,1
0.215,1,1
0.216,1,1
0.217,1,1
0.218,1,1
0.219,1,1
0.22,1,1
0.221,1,1
0.222,1,1
0.223,1,1
0.224,1,1
0.225,1,1
0.226,1,1
0.227,1,1
0.228,1,1
0.229,1,1
0.23,1,1
0.231,1,1
0.232,1,1
0.233,1,1
0.234,1,1
0.235,1,1
0.236,1,1
0.237,1,1
0.238,1,1
0.239,1,1
0.24,1,1
0.241,1,1
0.242,1,1
0.243,1,1
0.244,1,1
0.245,1,1
0.246,1,1
0.247,1,1
0.248,1,1
0.249,1,1
0.25,1,1
0.251,1,0
0.252,1,0
0.253,1,0
0.254,1,0
0.255,1,0
0.256,1,0
0.257,1,0
0.258,1,0
0.259,1,0
0.26,1,0
0.261,1,0
0.262,1,0
0.263,1,0
0.264,1,0
0.265,1,0
0.266,1,0
0.267,1,0
0.268,1,0
0.269,1,0
0.27,1,0
0.271,1,0
0.272,1,0
0.273,1,0
0.274,1,0
0.275,1,0
0.276,1,0
0.277,1,0
0.278,1,0
0.279,1,0
0.28,1,0
0.281,1,0
0.282,1,0
0.283,1,0
0.284,1,0
0.285,1,0
0.286,1,0
0.287,1,0
0.288,1,0
0.289,1,0
0.29,1,0
0.291,1,0
0.292,1,0
0.293,1,0
0.294,1,0
0.295,1,0
0.296,1,0
0.297,1,0
0.298,1,0
0.299,1,0
0.3,1,0
0.301,1,1
0.302,1,1
0.303,1,1
0.304,1,1
0.305,1,1
0.306,1,1
0.307,1,1
0.308,1,1
0.309,1,1
0.31,1,1
0.311,1,1
0.312,1,1
0.313,1,1
0.314,1,1
0.315,1,1
0.316,1,1
0.317,1,1
0.318,1,1
0.319,1,1
0.32,1,1
0.321,1,1
0.322,1,1
0.323,1,1
0.324,1,1
0.325,1,1
0.326,1,1
0.327,1,1
0.328,1,1
0.329,1,1
0.33,1,1
0.331,1,1
0.332,1,1
0.333,1,1
0.334,1,1
0.335,1,1
0.336,1,1
0.337,1,1
0.338,1,1
0.339,1,1
0.34,1,1
0.341,1,1
0.342,1,1
0.343,1,1
0.344,1,1
0.345,1,1
0.346,1,1
0.347,1,1
0.348,1,1
0.349,1,1
0.35,1,1
0.351,1,0
0.352,1,0
0.353,1,0
0.354,1,0
0.355,1,0
0.356,1,0
0.357,1,0
0.358,1,0
0.359,1,0
0.36,1,0
0.361,1,0
0.362,1,0
0.363,1,0
0.364,1,0
0.365,1,0
0.366,1,0
0.367,1,0
0.368,1,0
0.369,1,0
0.37,1,0
0.371,1,0
0.372,1,0
0.373,1,0
0.374,1,0
0.375,1,0
0.376,1,0
0.377,1,0
0.378,1,0
0.379,1,0
0.38,1,0
0.381,1,0
0.382,1,0
0.383,1,0
0.384,1,0
0.385,1,0
0.386,1,0
0.387,1,0
0.388,1,0
0.389,1,0
0.39,1,0
0.391,1,0
0.392,1,0
0.393,1,0
0.394,1,0
0.395,1,0
0.396,1,0
0.397,1,0
0.398,1,0
0.399,1,0
0.4,1,0
0.401,1,1
0.402,1,1
0.403,1,1
0.404,1,1
0.405,1,1
0.406,1,1
0.407,1,1
0.408,1,1
0.409,1,1
0.41,1,1
0.411,1,1
0.412,1,1
0.413,1,1
0.414,1,1
0.415,1,1
0.416,1,1
0.417,1,1
0.418,1,1
0.419,1,1
0.42,1,1
0.421,1,1
0.422,1,1
0.423,1,1
0.424,1,1
0.425,1,1
0.426,1,1
0.427,1,1
0.428,1,1
0.429,1,1
0.43,1,1
0.431,1,1
0.432,1,1
0.433,1,1
0.434,1,1
0.435,1,1
0.436,1,1
0.437,1,1
0.438,1,1
0.439,1,1
0.44,1,1
0.441,1,1
0.442,1,1
0.443,1,1
0.444,1,1
0.445,1,1
0.446,1,1
0.447,1,1
0.448,1,1
0.449,1,1
0.45,1,1
0.451,1,0
0.452,1,0
0.453,1,0
0.454,1,0
0.455,1,0
0.456,1,0
0.457,1,0
0.458,1,0
0.459,1,0
0.46,1,0
0.461,1,0
0.462,1,0
0.463,1,0
0.464,1,0
0.465,1,0
0.466,1,0
0.467,1,0
0.468,1,0
0.469,1,0
0.47,1,0
0.471,1,0
0.472,1,0
0.473,1,0
0.474,1,0
0.475,1,0
0.476,1,0
0.477,1,0
0.478,1,0
0.479,1,0
0.48,1,0
0.481,1,0
0.482,1,0
0.483,1,0
0.484,1,0
0.485,1,0
0.486,1,0
0.487,1,0
0.488,1,0
0.489,1,0
0.49,1,0
0.491,1,0
0.492,1,0
0.493,1,0
0.494,1,0
0.495,1,0
0.496,1,0
0.497,1,0
0.498,1,0
0.499,0,0
0.5,0,0
0.501,0,1
0.502,0,1
0.503,0,1
0.504,0,1
0.505,0,1
0.506,0,1
0.507,0,1
0.508,0,1
0.509,0,1
0.51,0,1
0.511,0,1
0.512,0,1
0.513,0,1
0.514,0,1
0.515,0,1
0.516,0,1
0.517,0,1
0.518,0,1
0.519,0,1
0.52,0,1
0.521,0,1
0.522,0,1
0.523,0,1
0.524,0,1
0.525,0,1
0.526,0,1
0.527,0,1
0.528,0,1
0.529,0,1
0.53,0,1
0.531,0,1
0.532,0,1
0.533,0,1
0.534,0,1
0.535,0,1
0.536,0,1
0.537,0,1
0.538,0,1
0.539,0,1
0.54,0,1
0.541,0,1
0.542,0,1
0.543,0,1
0.544,0,1
0.545,0,1
0.546,0,1
0.547,0,1
0.548,0,1
0.549,0,1
0.55,0,1
0.551,0,0
0.552,0,0
0.553,0,0
0.554,0,0
0.555,0,0
0.556,0,0
0.557,0,0
0.558,0,0
0.559,0,0
0.56,0,0
0.561,0,0
0.562,0,0
0.563,0,0
0.564,0,0
0.565,0,0
0.566,0,0
0.567,0,0
0.568,0,0
0.569,0,0
0.57,0,0
0.571,0,0
0.572,0,0
0.573,0,0
0.574,0,0
0.575,0,0
0.576,0,0
0.577,0,0
0.578,0,0
0.579,0,0
0.58,0,0
0.581,0,0
0.582,0,0
0.583,0,0
0.584,0,0
0.585,0,0
0.586,0,0
0.587,0,0
0.588,0,0
0.589,0,0
0.59,0,0
0.591,0,0
0.592,0,0
0.593,0,0
0.594,0,0
0.595,0,0
0.596,0,0
0.597,0,0
0.598,0,0
0.599,0,0
0.6,0,0
0.601,0,1
0.602,0,1
0.603,0,1
0.604,0,1
0.605,0,1
0.606,0,1
0.607,0,1
0.608,0,1
0.609,0,1
0.61,0,1
0.611,0,1
0.612,0,1
0.613,0,1
0.614,0,1
0.615,0,1
0.616,0,1
0.617,0,1
0.618,0,1
0.619,0,1
0.62,0,1
0.621,0,1
0.622,0,1
0.623,0,1
0.624,0,1
0.625,0,1
0.626,0,1
0.627,0,1
0.628,0,1
0.629,0,1
0.63,0,1
0.631,0,1
0.632,0,1
0.633,0,1
0.634,0,1
0.635,0,1
0.636,0,1
0.637,0,1
0.638,0,1
0.639,0,1
0.64,0,1
0.641,0,1
0.642,0,1
0.643,0,1
0.644,0,1
0.645,0,1
0.646,0,1
0.647,0,1
0.648,0,1
0.649,0,1
0.65,0,1
0.651,0,0
0.652,0,0
0.653,0,0
0.654,0,0
0.655,0,0
0.656,0,0
0.657,0,0
0.658,0,0
0.659,0,0
0.66,0,0
0.661,0,0
0.662,0,0
0.663,0,0
0.664,0,0
0.665,0,0
0.666,0,0
0.667,0,0
0.668,0,0
0.669,0,0
0.67,0,0
0.671,0,0
0.672,0,0
0.673,0,0
0.674,0,0
0.675,0,0
0.676,0,0
0.677,0,0
0.678,0,0
0.679,0,0
0.68,0,0
0.681,0,0
0.682,0,0
0.683,0,0
0.684,0,0
0.685,0,0
0.686,0,0
0.687,0,0
0.688,0,0
0.689,0,0
0.69,0,0
0.691,0,0
0.692,0,0
0.693,0,0
0.694,0,0
0.695,0,0
0.696,0,0
0.697,0,0
0.698,0,0
0.699,0,0
0.7,0,0
0.701,0,1
0.702,0,1
0.703,0,1
0.704,0,1
0.705,0,1
0.706,0,1
0.707,0,1
0.708,0,1
0.709,0,1
0.71,0,1
0.711,0,1
0.712,0,1
0.713,0,1
0.714,0,1
0.715,0,1
0.716,0,1
0.717,0,1
0.718,0,1
0.719,0,1
0.72,0,1
0.721,0,1
0.722,0,1
0.723,0,1
0.724,0,1
0.725,0,1
0.726,0,1
0.727,0,1
0.728,0,1
0.729,0,1
0.73,0,1
0.731,0,1
0.732,0,1
0.733,0,1
0.734,0,1
0.735,0,1
0.736,0,1
0.737,0,1
0.738,0,1
0.739,0,1
0.74,0,1
0.741,0,1
0.742,0,1
0.743,0,1
0.744,0,1
0.745,0,1
0.746,0,1
0.747,0,1
0.748,0,1
0.749,0,1
0.75,0,1
0.751,0,0
0.752,0,0
0.753,0,0
0.754,0,0
0.755,0,0
0.756,0,0
0.757,0,0
0.758,0,0
0.759,0,0
0.76,0,0
0.761,0,0
0.762,0,0
0.763,0,0
0.764,0,0
0.765,0,0
0.766,0,0
0.767,0,0
0.768,0,0
0.769,0,0
0.77,0,0
0.771,0,0
0.772,0,0
0.773,0,0
0.774,0,0
0.775,0,0
0.776,0,0
0.777,0,0
0.778,0,0
0.779,0,0
0.78,0,0
0.781,0,0
0.782,0,0
0.783,0,0
0.784,0,0
0.785,0,0
0.786,0,0
0.787,0,0
0.788,0,0
0.789,0,0
0.79,0,0
0.791,0,0
0.792,0,0
0.793,0,0
0.794,0,0
0.795,0,0
0.796,0,0
0.797,0,0
0.798,0,0
0.799,0,0
0.8,0,0
0.801,0,1
0.802,0,1
0.803,0,1
0.804,0,1
0.805,0,1
0.806,0,1
0.807,0,1
0.808,0,1
0.809,0,1
0.81,0,1
0.811,0,1
0.812,0,1
0.813,0,1
0.814,0,1
0.815,0,1
0.816,0,1
0.817,0,1
0.818,0,1
0.819,0,1
0.82,0,1
0.821,0,1
0.822,0,1
0.823,0,1
0.824,0,1
0.825,0,1
0.826,0,1
0.827,0,1
0.828,0,1
0.829,0,1
0.83,0,1
0.831,0,1
0.832,0,1
0.833,0,1
0.834,0,1
0.835,0,1
0.836,0,1
0.837,0,1
0.838,0,1
0.839,0,1
0.84,0,1
0.841,0,1
0.842,0,1
0.843,0,1
0.844,0,1
0.845,0,1
0.846,0,1
0.847,0,1
0.848,0,1
0.849,0,1
0.85,0,1
0.851,0,0
0.852,0,0
0.853,0,0
0.854,0,0
0.855,0,0
0.856,0,0
0.857,0,0
0.858,0,0
0.859,0,0
0.86,0,0
0.861,0,0
0.862,0,0
0.863,0,0
0.864,0,0
0.865,0,0
0.866,0,0
0.867,0,0
0.868,0,0
0.869,0,0
0.87,0,0
0.871,0,0
0.872,0,0
0.873,0,0
0.874,0,0
0.875,0,0
0.876,0,0
0.877,0,0
0.878,0,0
0.879,0,0
0.88,0,0
0.881,0,0
0.882,0,0
0.883,0,0
0.884,0,0
0.885,0,0
0.886,0,0
0.887,0,0
0.888,0,0
0.889,0,0
0.89,0,0
0.891,0,0
0.892,0,0
0.893,0,0
0.894,0,0
0.895,0,0
0.896,0,0
0.897,0,0
0.898,0,0
0.899,0,0
0.9,0,0
0.901,0,1
0.902,0,1
0.903,0,1
0.904,0,1
0.905,0,1
0.906,0,1
0.907,0,1
0.908,0,1
0.909,0,1
0.91,0,1
0.911,0,1
0.912,0,1
0.913,0,1
0.914,0,1
0.915,0,1
0.916,0,1
0.917,0,1
0.918,0,1
0.919,0,1
0.92,0,1
0.921,0,1
0.922,0,1
0.923,0,1
0.924,0,1
0.925,0,1
0.926,0,1
0.927,0,1
0.928,0,1
0.929,0,1
0.93,0,1
0.931,0,1
0.932,0,1
0.933,0,1
0.934,0,1
0.935,0,1
0.936,0,1
0.937,0,1
0.938,0,1
0.939,0,1
0.94,0,1
0.941,0,1
0.942,0,1
0.943,0,1
0.944,0,1
0.945,0,1
0.946,0,1
0.947,0,1
0.948,0,1
0.949,0,1
0.95,0,1
0.951,0,0
0.952,0,0
0.953,0,0
0.954,0,0
0.955,0,0
0.956,0,0
0.957,0,0
0.958,0,0
0.959,0,0
0.96,0,0
0.961,0,0
0.962,0,0
0.963,0,0
0.964,0,0
0.965,0,0
0.966,0,0
0.967,0,0
0.968,0,0
0.969,0,0
0.97,0,0
0.971,0,0
0.972,0,0
0.973,0,0
0.974,0,0
0.975,0,0
0.976,0,0
0.977,0,0
0.978,0,0
0.979,0,0
0.98,0,0
0.981,0,0
0.982,0,0
0.983,0,0
0.984,0,0
0.985,0,0
0.986,0,0
0.987,0,0
0.988,0,0
0.989,0,0
0.99,0,0
0.991,0,0
0.992,0,0
0.993,0,0
0.994,0,0
0.995,0,0
0.996,0,0
0.997,0,0
0.998,0,0
0.999,1,0
1,1,0
1.001,1,1
1.002,1,1
1.003,1,1
1.004,1,1
1.005,1,1
1.006,1,1
1.007,1,1
1.008,1,1
1.009,1,1
1.01,1,1
1.011,1,1
1.012,1,1
1.013,1,1
1.014,1,1
1.015,1,1
1.016,1,1
1.017,1,1
1.018,1,1
1.019,1,1
1.02,1,1
1.021,1,1
1.022,1,1
1.023,1,1
1.024,1,1
1.025,1,1
1.026,1,1
1.027,1,1
1.028,1,1
1.029,1,1
1.03,1,1
1.031,1,1
1.032,1,1
1.033,1,1
1.034,1,1
1.035,1,1
1.036,1,1
1.037,1,1
1.038,1,1
1.039,1,1
1.04,1,1
1.041,1,1
1.042,1,1
1.043,1,1
1.044,1,1
1.045,1,1
1.046,1,1
1.047,1,1
1.048,1,1
1.049,1,1
1.05,1,1
1.051,1,0
1.052,1,0
1.053,1,0
1.054,1,0
1.055,1,0
1.056,1,0
1.057,1,0
1.058,1,0
1.059,1,0
1.06,1,0
1.061,1,0
1.062,1,0
1.063,1,0
1.064,1,0
1.065,1,0
1.066,1,0
1.067,1,0
1.068,1,0
1.069,1,0
1.07,1,0
1.071,1,0
1.072,1,0
1.073,1,0
1.074,1,0
1.075,1,0
1.076,1,0
1.077,1,0
1.078,1,0
1.079,1,0
1.08,1,0
1.081,1,0
1.082,1,0
1.083,1,0
1.084,1,0
1.085,1,0
1.086,1,0
1.087,1,0
1.088,1,0
1.089,1,0
1.09,1,0
1.091,1,0
1.092,1,0
1.093,1,0
1.094,1,0
1.095,1,0
1.096,1,0
1.097,1,0
1.098,1,0
1.099,1,0
1.1,1,0
1.101,1,1
1.102,1,1
1.103,1,1
1.104,1,1
1.105,1,1
1.106,1,1
1.107,1,1
1.108,1,1
1.109,1,1
1.11,1,1
1.111,1,1
1.112,1,1
1.113,1,1
1.114,1,1
1.115,1,1
1.116,1,1
1.117,1,1
1.118,1,1
1.119,1,1
1.12,1,1
1.121,1,1
1.122,1,1
1.123,1,1
1.124,1,1
1.125,1,1
1.126,1,1
1.127,1,1
1.128,1,1
1.129,1,1
1.13,1,1
1.131,1,1
1.132,1,1
1.133,1,1
1.134,1,1
1.135,1,1
1.136,1,1
1.137,1,1
1.138,1,1
1.139,1,1
1.14,1,1
1.141,1,1
1.142,1,1
1.143,1,1
1.144,1,1
1.145,1,1
1.146,1,1
1.147,1,1
1.148,1,1
1.149,1,1
1.15,1,1
1.151,1,0
1.152,1,0
1.153,1,0
1.154,1,0
1.155,1,0
1.156,1,0
1.157,1,0
1.158,1,0
1.159,1,0
1.16,1,0
1.161,1,0
1.162,1,0
1.163,1,0
1.164,1,0
1.165,1,0
1.166,1,0
1.167,1,0
1.168,1,0
1.169,1,0
1.17,1,0
1.171,1,0
1.172,1,0
1.173,1,0
1.174,1,0
1.175,1,0
1.176,1,0
1.177,1,0
1.178,1,0
1.179,1,0
1.18,1,0
1.181,1,0
1.182,1,0
1.183,1,0
1.184,1,0
1.185,1,0
1.186,1,0
1.187,1,0
1.188,1,0
1.189,1,0
1.19,1,0
1.191,1,0
1.192,1,0
1.193,1,0
1.194,1,0
1.195,1,0
1.196,1,0
1.197,1,0
1.198,1,0
1.199,1,0
1.2,1,0
1.201,1,1
1.202,1,1
1.203,1,1
1.204,1,1
1.205,1,1
1.206,1,1
1.207,1,1
1.208,1,1
1.209,1,1
1.21,1,1
1.211,1,1
1.212,1,1
1.213,1,1
1.214,1,1
1.215,1,1
1.216,1,1
1.217,1,1
1.218,1,1
1.219,1,1
1.22,1,1
1.221,1,1
1.222,1,1
1.223,1,1
1.224,1,1
1.225,1,1
1.226,1,1
1.227,1,1
1.228,1,1
1.229,1,1
1.23,1,1
1.231,1,1
1.232,1,1
1.233,1,1
1.234,1,1
1.235,1,1
1.236,1,1
1.237,1,1
1.238,1,1
1.239,1,1
1.24,1,1
1.241,1,1
1.242,1,1
1.243,1,1
1.244,1,1
1.245,1,1
1.246,1,1
1.247,1,1
1.248,1,1
1.249,1,1
1.25,1,1
1.251,1,0
1.252,1,0
1.253,1,0
1.254,1,0
1.255,1,0
1.256,1,0
1.257,1,0
1.258,1,0
1.259,1,0
1.26,1,0
1.261,1,0
1.262,1,0
1.263,1,0
1.264,1,0
1.265,1,0
1.266,1,0
1.267,1,0
1.268,1,0
1.269,1,0
1.27,1,0
1.271,1,0
1.272,1,0
1.273,1,0
1.274,1,0
1.275,1,0
1.276,1,0
1.277,1,0
1.278,1,0
1.279,1,0
1.28,1,0
1.281,1,0
1.282,1,0
1.283,1,0
1.284,1,0
1.285,1,0
1.286,1,0
1.287,1,0
1.288,1,0
1.289,1,0
1.29,1,0
1.291,1,0
1.292,1,0
1.293,1,0
1.294,1,0
1.295,1,0
1.296,1,0
1.297,1,0
1.298,1,0
1.299,1,0
1.3,1,0
1.301,1,1
1.302,1,1
1.303,1,1
1.304,1,1
1.305,1,1
1.306,1,1
1.307,1,1
1.308,1,1
1.309,1,1
1.31,1,1
1.311,1,1
1.312,1,1
1.313,1,1
1.314,1,1
1.315,1,1
1.316,1,1
1.317,1,1
1.318,1,1
1.319,1,1
1.32,1,1
1.321,1,1
1.322,1,1
1.323,1,1
1.324,1,1
1.325,1,1
1.326,1,1
1.327,1,1
1.328,1,1
1.329,1,1
1.33,1,1
1.331,1,1
1.332,1,1
1.333,1,1
1.334,1,1
1.335,1,1
1.336,1,1
1.337,1,1
1.338,1,1
1.339,1,1
1.34,1,1
1.341,1,1
1.342,1,1
1.343,1,1
1.344,1,1
1.345,1,1
1.346,1,1
1.347,1,1
1.348,1,1
1.349,1,1
1.35,1,1
1.351,1,0
1.352,1,0
1.353,1,0
1.354,1,0
1.355,1,0
1.356,1,0
1.357,1,0
1.358,1,0
1.359,1,0
1.36,1,0
1.361,1,0
1.362,1,0
1.363,1,0
1.364,1,0
1.365,1,0
1.366,1,0
1.367,1,0
1.368,1,0
1.369,1,0
1.37,1,0
1.371,1,0
1.372,1,0
1.373,1,0
1.374,1,0
1.375,1,0
1.376,1,0
1.377,1,0
1.378,1,0
1.379,1,0
1.38,1,0
1.381,1,0
1.382,1,0
1.383,1,0
1.384,1,0
1.385,1,0
1.386,1,0
1.387,1,0
1.388,1,0
1.389,1,0
1.39,1,0
1.391,1,0
1.392,1,0
1.393,1,0
1.394,1,0
1.395,1,0
1.396,1,0
1.397,1,0
1.398,1,0
1.399,1,0
1.4,1,0
1.401,1,1
1.402,1,1
1.403,1,1
1.404,1,1
1.405,1,1
1.406,1,1
1.407,1,1
1.408,1,1
1.409,1,1
1.41,1,1
1.411,1,1
1.412,1,1
1.413,1,1
1.414,1,1
1.415,1,1
1.416,1,1
1.417,1,1
1.418,1,1
1.419,1,1
1.42,1,1
1.421,1,1
1.422,1,1
1.423,1,1
1.424,1,1
1.425,1,1
1.426,1,1
1.427,1,1
1.428,1,1
1.429,1,1
1.43,1,1
1.431,1,1
1.432,1,1
1.433,1,1
1.434,1,1
1.435,1,1
1.436,1,1
1.437,1,1
1.438,1,1
1.439,1,1
1.44,1,1
1.441,1,1
1.442,1,1
1.443,1,1
1.444,1,1
1.445,1,1
1.446,1,1
1.447,1,1
1.448,1,1
1.449,1,1
1.45,1,1
1.451,1,0
1.452,1,0
1.453,1,0
1.454,1,0
1.455,1,0
1.456,1,0
1.457,1,0
1.458,1,0
1.459,1,0
1.46,1,0
1.461,1,0
1.462,1,0
1.463,1,0
1.464,1,0
1.465,1,0
1.466,1,0
1.467,1,0
1.468,1,0
1.469,1,0
1.47,1,0
1.471,1,0
1.472,1,0
1.473,1,0
1.474,1,0
1.475,1,0
1.476,1,0
1.477,1,0
1.478,1,0
1.479,1,0
1.48,1,0
1.481,1,0
1.482,1,0
1.483,1,0
1.484,1,0
1.485,1,0
1.486,1,0
1.487,1,0
1.488,1,0
1.489,1,0
1.49,1,0
1.491,1,0
1.492,1,0
1.493,1,0
1.494,1,0
1.495,1,0
1.496,1,0
1.497,1,0
1.498,1,0
1.499,0,0
1.5,0,0
1.501,0,1
1.502,0,1
1.503,0,1
1.504,0,1
1.505,0,1
1.506,0,1
1.507,0,1
1.508,0,1
1.509,0,1
1.51,0,1
1.511,0,1
1.512,0,1
1.513,0,1
1.514,0,1
1.515,0,1
1.516,0,1
1.517,0,1
1.518,0,1
1.519,0,1
1.52,0,1
1.521,0,1
1.522,0,1
1.523,0,1
1.524,0,1
1.525,0,1
1.526,0,1
1.527,0,1
1.528,0,1
1.529,0,1
1.53,0,1
1.531,0,1
1.532,0,1
1.533,0,1
1.534,0,1
1.535,0,1
1.536,0,1
1.537,0,1
1.538,0,1
1.539,0,1
1.54,0,1
1.541,0,1
1.542,0,1
1.543,0,1
1.544,0,1
1.545,0,1
1.546,0,1
1.547,0,1
1.548,0,1
1.549,0,1
1.55,0,1
1.551,0,0
1.552,0,0
1.553,0,0
1.554,0,0
1.555,0,0
1.556,0,0
1.557,0,0
1.558,0,0
1.559,0,0
1.56,0,0
1.561,0,0
1.562,0,0
1.563,0,0
1.564,0,0
1.565,0,0
1.566,0,0
1.567,0,0
1.568,0,0
1.569,0,0
1.57,0,0
1.571,0,0
1.572,0,0
1.573,0,0
1.574,0,0
1.575,0,0
1.576,0,0
1.577,0,0
1.578,0,0
1.579,0,0
1.58,0,0
1.581,0,0
1.582,0,0
1.583,0,0
1.584,0,0
1.585,0,0
1.586,0,0
1.587,0,0
1.588,0,0
1.589,0,0
1.59,0,0
1.591,0,0
1.592,0,0
1.593,0,0
1.594,0,0
1.595,0,0
1.596,0,0
1.597,0,0
1.598,0,0
1.599,0,0
1.6,0,0
1.601,0,1
1.602,0,1
1.603,0,1
1.604,0,1
1.605,0,1
1.606,0,1
1.607,0,1
1.608,0,1
1.609,0,1
1.61,0,1
1.611,0,1
1.612,0,1
1.613,0,1
1.614,0,1
1.615,0,1
1.616,0,1
1.617,0,1
1.618,0,1
1.619,0,1
1.62,0,1
1.621,0,1
1.622,0,1
1.623,0,1
1.624,0,1
1.625,0,1
1.626,0,1
1.627,0,1
1.628,0,1
1.629,0,1
1.63,0,1
1.631,0,1
1.632,0,1
1.633,0,1
1.634,0,1
1.635,0,1
1.636,0,1
1.637,0,1
1.638,0,1
1.639,0,1
1.64,0,1
1.641,0,1
1.642,0,1
1.643,0,1
1.644,0,1
1.645,0,1
1.646,0,1
1.647,0,1
1.648,0,1
1.649,0,1
1.65,0,1
1.651,0,0
1.652,0,0
1.653,0,0
1.654,0,0
1.655,0,0
1.656,0,0
1.657,0,0
1.658,0,0
1.659,0,0
1.66,0,0
1.661,0,0
1.662,0,0
1.663,0,0
1.664,0,0
1.665,0,0
1.666,0,0
1.667,0,0
1.668,0,0
1.669,0,0
1.67,0,0
1.671,0,0
1.672,0,0
1.673,0,0
1.674,0,0
1.675,0,0
1.676,0,0
1.677,0,0
1.678,0,0
1.679,0,0
1.68,0,0
1.681,0,0
1.682,0,0
1.683,0,0
1.684,0,0
1.685,0,0
1.686,0,0
1.687,0,0
1.688,0,0
1.689,0,0
1.69,0,0
1.691,0,0
1.692,0,0
1.693,0,0
1.694,0,0
1.695,0,0
1.696,0,0
1.697,0,0
1.698,0,0
1.699,0,0
1.7,0,0
1.701,0,1
1.702,0,1
1.703,0,1
1.704,0,1
1.705,0,1
1.706,0,1
1.707,0,1
1.708,0,1
1.709,0,1
1.71,0,1
1.711,0,1
1.712,0,1
1.713,0,1
1.714,0,1
1.715,0,1
1.716,0,1
1.717,0,1
1.718,0,1
1.719,0,1
1.72,0,1
1.721,0,1
1.722,0,1
1.723,0,1
1.724,0,1
1.725,0,1
1.726,0,1
1.727,0,1
1.728,0,1
1.729,0,1
1.73,0,1
1.731,0,1
1.732,0,1
1.733,0,1
1.734,0,1
1.735,0,1
1.736,0,1
1.737,0,1
1.738,0,1
1.739,0,1
1.74,0,1
1.741,0,1
1.742,0,1
1.743,0,1
1.744,0,1
1.745,0,1
1.746,0,1
1.747,0,1
1.748,0,1
1.749,0,1
1.75,0,1
1.751,0,0
1.752,0,0
1.753,0,0
1.754,0,0
1.755,0,0
1.756,0,0
1.757,0,0
1.758,0,0
1.759,0,0
1.76,0,0
1.761,0,0
1.762,0,0
1.763,0,0
1.764,0,0
1.765,0,0
1.766,0,0
1.767,0,0
1.768,0,0
1.769,0,0
1.77,0,0
1.771,0,0
1.772,0,0
1.773,0,0
1.774,0,0
1.775,0,0
1.776,0,0
1.777,0,0
1.778,0,0
1.779,0,0
1.78,0,0
1.781,0,0
1.782,0,0
1.783,0,0
1.784,0,0
1.785,0,0
1.786,0,0
1.787,0,0
1.788,0,0
1.789,0,0
1.79,0,0
1.791,0,0
1.792,0,0
1.793,0,0
1.794,0,0
1.795,0,0
1.796,0,0
1.797,0,0
1.798,0,0
1.799,0,0
1.8,0,0
1.801,0,1
1.802,0,1
1.803,0,1
1.804,0,1
1.805,0,1
1.806,0,1
1.807,0,1
1.808,0,1
1.809,0,1
1.81,0,1
1.811,0,1
1.812,0,1
1.813,0,1
1.814,0,1
1.815,0,1
1.816,0,1
1.817,0,1
1.818,0,1
1.819,0,1
1.82,0,1
1.821,0,1
1.822,0,1
1.823,0,1
1.824,0,1
1.825,0,1
1.826,0,1
1.827,0,1
1.828,0,1
1.829,0,1
1.83,0,1
1.831,0,1
1.832,0,1
1.833,0,1
1.834,0,1
1.835,0,1
1.836,0,1
1.837,0,1
1.838,0,1
1.839,0,1
1.84,0,1
1.841,0,1
1.842,0,1
1.843,0,1
1.844,0,1
1.845,0,1
1.846,0,1
1.847,0,1
1.848,0,1
1.849,0,1
1.85,0,1
1.851,0,0
1.852,0,0
1.853,0,0
1.854,0,0
1.855,0,0
1.856,0,0
1.857,0,0
1.858,0,0
1.859,0,0
1.86,0,0
1.861,0,0
1.862,0,0
1.863,0,0
1.864,0,0
1.865,0,0
1.866,0,0
1.867,0,0
1.868,0,0
1.869,0,0
1.87,0,0
1.871,0,0
1.872,0,0
1.873,0,0
1.874,0,0
1.875,0,0
1.876,0,0
1.877,0,0
1.878,0,0
1.879,0,0
1.88,0,0
1.881,0,0
1.882,0,0
1.883,0,0
1.884,0,0
1.885,0,0
1.886,0,0
1.887,0,0
1.888,0,0
1.889,0,0
1.89,0,0
1.891,0,0
1.892,0,0
1.893,0,0
1.894,0,0
1.895,0,0
1.896,0,0
1.897,0,0
1.898,0,0
1.899,0,0
1.9,0,0
1.901,0,1
1.902,0,1
1.903,0,1
1.904,0,1
1.905,0,1
1.906,0,1
1.907,0,1
1.908,0,1
1.909,0,1
1.91,0,1
1.911,0,1
1.912,0,1
1.913,0,1
1.914,0,1
1.915,0,1
1.916,0,1
1.917,0,1
1.918,0,1
1.919,0,1
1.92,0,1
1.921,0,1
1.922,0,1
1.923,0,1
1.924,0,1
1.925,0,1
1.926,0,1
1.927,0,1
1.928,0,1
1.929,0,1
1.93,0,1
1.931,0,1
1.932,0,1
1.933,0,1
1.934,0,1
1.935,0,1
1.936,0,1
1.937,0,1
1.938,0,1
1.939,0,1
1.94,0,1
1.941,0,1
1.942,0,1
1.943,0,1
1.944,0,1
1.945,0,1
1.946,0,1
1.947,0,1
1.948,0,1
1.949,0,1
1.95,0,1
1.951,0,0
1.952,0,0
1.953,0,0
1.954,0,0
1.955,0,0
1.956,0,0
1.957,0,0
1.958,0,0
1.959,0,0
1.96,0,0
1.961,0,0
1.962,0,0
1.963,0,0
1.964,0,0
1.965,0,0
1.966,0,0
1.967,0,0
1.968,0,0
1.969,0,0
1.97,0,0
1.971,0,0
1.972,0,0
1.973,0,0
1.974,0,0
1.975,0,0
1.976,0,0
1.977,0,0
1.978,0,0
1.979,0,0
1.98,0,0
1.981,0,0
1.982,0,0
1.983,0,0
1.984,0,0
1.985,0,0
1.986,0,0
1.987,0,0
1.988,0,0
1.989,0,0
1.99,0,0
1.991,0,0
1.992,0,0
1.993,0,0
1.994,0,0
1.995,0,0
1.996,0,0
1.997,0,0
1.998,0,0
1.999,1,0
2,1,0
2.001,1,1
2.002,1,1
2.003,1,1
2.004,1,1
2.005,1,1
2.006,1,1
2.007,1,1
2.008,1,1
2.009,1,1
2.01,1,1
2.011,1,1
2.012,1,1
2.013,1,1
2.014,1,1
2.015,1,1
2.016,1,1
2.017,1,1
2.018,1,1
2.019,1,1
2.02,1,1
2.021,1,1
2.022,1,1
2.023,1,1
2.024,1,1
2.025,1,1
2.026,1,1
2.027,1,1
2.028,1,1
2.029,1,1
2.03,1,1
2.031,1,1
2.032,1,1
2.033,1,1
2.034,1,1
2.035,1,1
2.036,1,1
2.037,1,1
2.038,1,1
2.039,1,1
2.04,1,1
2.041,1,1
2.042,1,1
2.043,1,1
2.044,1,1
2.045,1,1
2.046,1,1
2.047,1,1
2.048,1,1
2.049,1,1
2.05,1,1
2.051,1,0
2.052,1,0
2.053,1,0
2.054,1,0
2.055,1,0
2.056,1,0
2.057,1,0
2.058,1,0
2.059,1,0
2.06,1,0
2.061,1,0
2.062,1,0
2.063,1,0
2.064,1,0
2.065,1,0
2.066,1,0
2.067,1,0
2.068,1,0
2.069,1,0
2.07,1,0
2.071,1,0
2.072,1,0
2.073,1,0
2.074,1,0
2.075,1,0
2.076,1,0
2.077,1,0
2.078,1,0
2.079,1,0
2.08,1,0
2.081,1,0
2.082,1,0
2.083,1,0
2.084,1,0
2.085,1,0
2.086,1,0
2.087,1,0
2.088,1,0
2.089,1,0
2.09,1,0
2.091,1,0
2.092,1,0
2.093,1,0
2.094,1,0
2.095,1,0
2.096,1,0
2.097,1,0
2.098,1,0
2.099,1,0
2.1,1,0
2.101,1,1
2.102,1,1
2.103,1,1
2.104,1,1
2.105,1,1
2.106,1,1
2.107,1,1
2.108,1,1
2.109,1,1
2.11,1,1
2.111,1,1
2.112,1,1
2.113,1,1
2.114,1,1
2.115,1,1
2.116,1,1
2.117,1,1
2.118,1,1
2.119,1,1
2.12,1,1
2.121,1,1
2.122,1,1
2.123,1,1
2.124,1,1
2.125,1,1
2.126,1,1
2.127,1,1
2.128,1,1
2.129,1,1
2.13,1,1
2.131,1,1
2.132,1,1
2.133,1,1
2.134,1,1
2.135,1,1
2.136,1,1
2.137,1,1
2.138,1,1
2.139,1,1
2.14,1,1
2.141,1,1
2.142,1,1
2.143,1,1
2.144,1,1
2.145,1,1
2.146,1,1
2.147,1,1
2.148,1,1
2.149,1,1
2.15,1,1
2.151,1,0
2.152,1,0
2.153,1,0
2.154,1,0
2.155,1,0
2.156,1,0
2.157,1,0
2.158,1,0
2.159,1,0
2.16,1,0
2.161,1,0
2.162,1,0
2.163,1,0
2.164,1,0
2.165,1,0
2.166,1,0
2.167,1,0
2.168,1,0
2.169,1,0
2.17,1,0
2.171,1,0
2.172,1,0
2.173,1,0
2.174,1,0
2.175,1,0
2.176,1,0
2.177,1,0
2.178,1,0
2.179,1,0
2.18,1,0
2.181,1,0
2.182,1,0
2.183,1,0
2.184,1,0
2.185,1,0
2.186,1,0
2.187,1,0
2.188,1,0
2.189,1,0
2.19,1,0
2.191,1,0
2.192,1,0
2.193,1,0
2.194,1,0
2.195,1,0
2.196,1,0
2.197,1,0
2.198,1,0
2.199,1,0
2.2,1,0
2.201,1,1
2.202,1,1
2.203,1,1
2.204,1,1
2.205,1,1
2.206,1,1
2.207,1,1
2.208,1,1
2.209,1,1
2.21,1,1
2.211,1,1
2.212,1,1
2.213,1,1
2.214,1,1
2.215,1,1
2.216,1,1
2.217,1,1
2.218,1,1
2.219,1,1
2.22,1,1
2.221,1,1
2.222,1,1
2.223,1,1
2.224,1,1
2.225,1,1
2.226,1,1
2.227,1,1
2.228,1,1
2.229,1,1
2.23,1,1
2.231,1,1
2.232,1,1
2.233,1,1
2.234,1,1
2.235,1,1
2.236,1,1
2.237,1,1
2.238,1,1
2.239,1,1
2.24,1,1
2.241,1,1
2.242,1,1
2.243,1,1
2.244,1,1
2.245,1,1
2.246,1,1
2.247,1,1
2.248,1,1
2.249,1,1
2.25,1,1
2.251,1,0
2.252,1,0
2.253,1,0
2.254,1,0
2.255,1,0
2.256,1,0
2.257,1,0
2.258,1,0
2.259,1,0
2.26,1,0
2.261,1,0
2.262,1,0
2.263,1,0
2.264,1,0
2.265,1,0
2.266,1,0
2.267,1,0
2.268,1,0
2.269,1,0
2.27,1,0
2.271,1,0
2.272,1,0
2.273,1,0
2.274,1,0
2.275,1,0
2.276,1,0
2.277,1,0
2.278,1,0
2.279,1,0
2.28,1,0
2.281,1,0
2.282,1,0
2.283,1,0
2.284,1,0
2.285,1,0
2.286,1,0
2.287,1,0
2.288,1,0
2.289,1,0
2.29,1,0
2.291,1,0
2.292,1,0
2.293,1,0
2.294,1,0
2.295,1,0
2.296,1,0
2.297,1,0
2.298,1,0
2.299,1,0
2.3,1,0
2.301,1,1
2.302,1,1
2.303,1,1
2.304,1,1
2.305,1,1
2.306,1,1
2.307,1,1
2.308,1,1
2.309,1,1
2.31,1,1
2.311,1,1
2.312,1,1
2.313,1,1
2.314,1,1
2.315,1,1
2.316,1,1
2.317,1,1
2.318,1,1
2.319,1,1
2.32,1,1
2.321,1,1
2.322,1,1
2.323,1,1
2.324,1,1
2.325,1,1
2.326,1,1
2.327,1,1
2.328,1,1
2.329,1,1
2.33,1,1
2.331,1,1
2.332,1,1
2.333,1,1
2.334,1,1
2.335,1,1
2.336,1,1
2.337,1,1
2.338,1,1
2.339,1,1
2.34,1,1
2.341,1,1
2.342,1,1
2.343,1,1
2.344,1,1
2.345,1,1
2.346,1,1
2.347,1,1
2.348,1,1
2.349,1,1
2.35,1,1
2.351,1,0
2.352,1,0
2.353,1,0
2.354,1,0
2.355,1,0
2.356,1,0
2.357,1,0
2.358,1,0
2.359,1,0
2.36,1,0
2.361,1,0
2.362,1,0
2.363,1,0
2.364,1,0
2.365,1,0
2.366,1,0
2.367,1,0
2.368,1,0
2.369,1,0
2.37,1,0
2.371,1,0
2.372,1,0
2.373,1,0
2.374,1,0
2.375,1,0
2.376,1,0
2.377,1,0
2.378,1,0
2.379,1,0
2.38,1,0
2.381,1,0
2.382,1,0
2.383,1,0
2.384,1,0
2.385,1,0
2.386,1,0
2.387,1,0
2.388,1,0
2.389,1,0
2.39,1,0
2.391,1,0
2.392,1,0
2.393,1,0
2.394,1,0
2.395,1,0
2.396,1,0
2.397,1,0
2.398,1,0
2.399,1,0
2.4,1,0
2.401,1,1
2.402,1,1
2.403,1,1
2.404,1,1
2.405,1,1
2.406,1,1
2.407,1,1
2.408,1,1
2.409,1,1
2.41,1,1
2.411,1,1
2.412,1,1
2.413,1,1
2.414,1,1
2.415,1,1
2.416,1,1
2.417,1,1
2.418,1,1
2.419,1,1
2.42,1,1
2.421,1,1
2.422,1,1
2.423,1,1
2.424,1,1
2.425,1,1
2.426,1,1
2.427,1,1
2.428,1,1
2.429,1,1
2.43,1,1
2.431,1,1
2.432,1,1
2.433,1,1
2.434,1,1
2.435,1,1
2.436,1,1
2.437,1,1
2.438,1,1
2.439,1,1
2.44,1,1
2.441,1,1
2.442,1,1
2.443,1,1
2.444,1,1
2.445,1,1
2.446,1,1
2.447,1,1
2.448,1,1
2.449,1,1
2.45,1,1
2.451,1,0
2.452,1,0
2.453,1,0
2.454,1,0
2.455,1,0
2.456,1,0
2.457,1,0
2.458,1,0
2.459,1,0
2.46,1,0
2.461,1,0
2.462,1,0
2.463,1,0
2.464,1,0
2.465,1,0
2.466,1,0
2.467,1,0
2.468,1,0
2.469,1,0
2.47,1,0
2.471,1,0
2.472,1,0
2.473,1,0
2.474,1,0
2.475,1,0
2.476,1,0
2.477,1,0
2.478,1,0
2.479,1,0
2.48,1,0
2.481,1,0
2.482,1,0
2.483,1,0
2.484,1,0
2.485,1,0
2.486,1,0
2.487,1,0
2.488,1,0
2.489,1,0
2.49,1,0
2.491,1,0
2.492,1,0
2.493,1,0
2.494,1,0
2.495,1,0
2.496,1,0
2.497,1,0
2.498,1,0
2.499,0,0
2.5,0,0
2.501,0,1
2.502,0,1
2.503,0,1
2.504,0,1
2.505,0,1
2.506,0,1
2.507,0,1
2.508,0,1
2.509,0,1
2.51,0,1
2.511,0,1
2.512,0,1
2.513,0,1
2.514,0,1
2.515,0,1
2.516,0,1
2.517,0,1
2.518,0,1
2.519,0,1
2.52,0,1
2.521,0,1
2.522,0,1
2.523,0,1
2.524,0,1
2.525,0,1
2.526,0,1
2.527,0,1
2.528,0,1
2.529,0,1
2.53,0,1
2.531,0,1
2.532,0,1
2.533,0,1
2.534,0,1
2.535,0,1
2.536,0,1
2.537,0,1
2.538,0,1
2.539,0,1
2.54,0,1
2.541,0,1
2.542,0,1
2.543,0,1
2.544,0,1
2.545,0,1
2.546,0,1
2.547,0,1
2.548,0,1
2.549,0,1
2.55,0,1
2.551,0,0
2.552,0,0
2.553,0,0
2.554,0,0
2.555,0,0
2.556,0,0
2.557,0,0
2.558,0,0
2.559,0,0
2.56,0,0
2.561,0,0
2.562,0,0
2.563,0,0
2.564,0,0
2.565,0,0
2.566,0,0
2.567,0,0
2.568,0,0
2.569,0,0
2.57,0,0
2.571,0,0
2.572,0,0
2.573,0,0
2.574,0,0
2.575,0,0
2.576,0,0
2.577,0,0
2.578,0,0
2.579,0,0
2.58,0,0
2.581,0,0
2.582,0,0
2.583,0,0
2.584,0,0
2.585,0,0
2.586,0,0
2.587,0,0
2.588,0,0
2.589,0,0
2.59,0,0
2.591,0,0
2.592,0,0
2.593,0,0
2.594,0,0
2.595,0,0
2.596,0,0
2.597,0,0
2.598,0,0
2.599,0,0
2.6,0,0
2.601,0,1
2.602,0,1
2.603,0,1
2.604,0,1
2.605,0,1
2.606,0,1
2.607,0,1
2.608,0,1
2.609,0,1
2.61,0,1
2.611,0,1
2.612,0,1
2.613,0,1
2.614,0,1
2.615,0,1
2.616,0,1
2.617,0,1
2.618,0,1
2.619,0,1
2.62,0,1
2.621,0,1
2.622,0,1
2.623,0,1
2.624,0,1
2.625,0,1
2.626,0,1
2.627,0,1
2.628,0,1
2.629,0,1
2.63,0,1
2.631,0,1
2.632,0,1
2.633,0,1
2.634,0,1
2.635,0,1
2.636,0,1
2.637,0,1
2.638,0,1
2.639,0,1
2.64,0,1
2.641,0,1
2.642,0,1
2.643,0,1
2.644,0,1
2.645,0,1
2.646,0,1
2.647,0,1
2.648,0,1
2.649,0,1
2.65,0,1
2.651,0,0
2.652,0,0
2.653,0,0
2.654,0,0
2.655,0,0
2.656,0,0
2.657,0,0
2.658,0,0
2.659,0,0
2.66,0,0
2.661,0,0
2.662,0,0
2.663,0,0
2.664,0,0
2.665,0,0
2.666,0,0
2.667,0,0
2.668,0,0
2.669,0,0
2.67,0,0
2.671,0,0
2.672,0,0
2.673,0,0
2.674,0,0
2.675,0,0
2.676,0,0
2.677,0,0
2.678,0,0
2.679,0,0
2.68,0,0
2.681,0,0
2.682,0,0
2.683,0,0
2.684,0,0
2.685,0,0
2.686,0,0
2.687,0,0
2.688,0,0
2.689,0,0
2.69,0,0
2.691,0,0
2.692,0,0
2.693,0,0
2.694,0,0
2.695,0,0
2.696,0,0
2.697,0,0
2.698,0,0
2.699,0,0
2.7,0,0
2.701,0,1
2.702,0,1
2.703,0,1
2.704,0,1
2.705,0,1
2.706,0,1
2.707,0,1
2.708,0,1
2.709,0,1
2.71,0,1
2.711,0,1
2.712,0,1
2.713,0,1
2.714,0,1
2.715,0,1
2.716,0,1
2.717,0,1
2.718,0,1
2.719,0,1
2.72,0,1
2.721,0,1
2.722,0,1
2.723,0,1
2.724,0,1
2.725,0,1
2.726,0,1
2.727,0,1
2.728,0,1
2.729,0,1
2.73,0,1
2.731,0,1
2.732,0,1
2.733,0,1
2.734,0,1
2.735,0,1
2.736,0,1
2.737,0,1
2.738,0,1
2.739,0,1
2.74,0,1
2.741,0,1
2.742,0,1
2.743,0,1
2.744,0,1
2.745,0,1
2.746,0,1
2.747,0,1
2.748,0,1
2.749,0,1
2.75,0,1
2.751,0,0
2.752,0,0
2.753,0,0
2.754,0,0
2.755,0,0
2.756,0,0
2.757,0,0
2.758,0,0
2.759,0,0
2.76,0,0
2.761,0,0
2.762,0,0
2.763,0,0
2.764,0,0
2.765,0,0
2.766,0,0
2.767,0,0
2.768,0,0
2.769,0,0
2.77,0,0
2.771,0,0
2.772,0,0
2.773,0,0
2.774,0,0
2.775,0,0
2.776,0,0
2.777,0,0
2.778,0,0
2.779,0,0
2.78,0,0
2.781,0,0
2.782,0,0
2.783,0,0
2.784,0,0
2.785,0,0
2.786,0,0
2.787,0,0
2.788,0,0
2.789,0,0
2.79,0,0
2.791,0,0
2.792,0,0
2.793,0,0
2.794,0,0
2.795,0,0
2.796,0,0
2.797,0,0
2.798,0,0
2.799,0,0
2.8,0,0
2.801,0,1
2.802,0,1
2.803,0,1
2.804,0,1
2.805,0,1
2.806,0,1
2.807,0,1
2.808,0,1
2.809,0,1
2.81,0,1
2.811,0,1
2.812,0,1
2.813,0,1
2.814,0,1
2.815,0,1
2.816,0,1
2.817,0,1
2.818,0,1
2.819,0,1
2.82,0,1
2.821,0,1
2.822,0,1
2.823,0,1
2.824,0,1
2.825,0,1
2.826,0,1
2.827,0,1
2.828,0,1
2.829,0,1
2.83,0,1
2.831,0,1
2.832,0,1
2.833,0,1
2.834,0,1
2.835,0,1
2.836,0,1
2.837,0,1
2.838,0,1
2.839,0,1
2.84,0,1
2.841,0,1
2.842,0,1
2.843,0,1
2.844,0,1
2.845,0,1
2.846,0,1
2.847,0,1
2.848,0,1
2.849,0,1
2.85,0,1
2.851,0,0
2.852,0,0
2.853,0,0
2.854,0,0
2.855,0,0
2.856,0,0
2.857,0,0
2.858,0,0
2.859,0,0
2.86,0,0
2.861,0,0
2.862,0,0
2.863,0,0
2.864,0,0
2.865,0,0
2.866,0,0
2.867,0,0
2.868,0,0
2.869,0,0
2.87,0,0
2.871,0,0
2.872,0,0
2.873,0,0
2.874,0,0
2.875,0,0
2.876,0,0
2.877,0,0
2.878,0,0
2.879,0,0
2.88,0,0
2.881,0,0
2.882,0,0
2.883,0,0
2.884,0,0
2.885,0,0
2.886,0,0
2.887,0,0
2.888,0,0
2.889,0,0
2.89,0,0
2.891,0,0
2.892,0,0
2.893,0,0
2.894,0,0
2.895,0,0
2.896,0,0
2.897,0,0
2.898,0,0
2.899,0,0
2.9,0,0
2.901,0,1
2.902,0,1
2.903,0,1
2.904,0,1
2.905,0,1
2.906,0,1
2.907,0,1
2.908,0,1
2.909,0,1
2.91,0,1
2.911,0,1
2.912,0,1
2.913,0,1
2.914,0,1
2.915,0,1
2.916,0,1
2.917,0,1
2.918,0,1
2.919,0,1
2.92,0,1
2.921,0,1
2.922,0,1
2.923,0,1
2.924,0,1
2.925,0,1
2.926,0,1
2.927,0,1
2.928,0,1
2.929,0,1
2.93,0,1
2.931,0,1
2.932,0,1
2.933,0,1
2.934,0,1
2.935,0,1
2.936,0,1
2.937,0,1
2.938,0,1
2.939,0,1
2.94,0,1
2.941,0,1
2.942,0,1
2.943,0,1
2.944,0,1
2.945,0,1
2.946,0,1
2.947,0,1
2.948,0,1
2.949,0,1
2.95,0,1
2.951,0,0
2.952,0,0
2.953,0,0
2.954,0,0
2.955,0,0
2.956,0,0
2.957,0,0
2.958,0,0
2.959,0,0
2.96,0,0
2.961,0,0
2.962,0,0
2.963,0,0
2.964,0,0
2.965,0,0
2.966,0,0
2.967,0,0
2.968,0,0
2.969,0,0
2.97,0,0
2.971,0,0
2.972,0,0
2.973,0,0
2.974,0,0
2.975,0,0
2.976,0,0
2.977,0,0
2.978,0,0
2.979,0,0
2.98,0,0
2.981,0,0
2.982,0,0
2.983,0,0
2.984,0,0
2.985,0,0
2.986,0,0
2.987,0,0
2.988,0,0
2.989,0,0
2.99,0,0
2.991,0,0
2.992,0,0
2.993,0,0
2.994,0,0
2.995,0,0
2.996,0,0
2.997,0,0
2.998,0,0
2.999,1,0
3,1,0
3.001,1,1
3.002,1,1
3.003,1,1
3.004,1,1
3.005,1,1
3.006,1,1
3.007,1,1
3.008,1,1
3.009,1,1
3.01,1,1
3.011,1,1
3.012,1,1
3.013,1,1
3.014,1,1
3.015,1,1
3.016,1,1
3.017,1,1
3.018,1,1
3.019,1,1
3.02,1,1
3.021,1,1
3.022,1,1
3.023,1,1
3.024,1,1
3.025,1,1
3.026,1,1
3.027,1,1
3.028,1,1
3.029,1,1
3.03,1,1
3.031,1,1
3.032,1,1
3.033,1,1
3.034,1,1
3.035,1,1
3.036,1,1
3.037,1,1
3.038,1,1
3.039,1,1
3.04,1,1
3.041,1,1
3.042,1,1
3.043,1,1
3.044,1,1
3.045,1,1
3.046,1,1
3.047,1,1
3.048,1,1
3.049,1,1
3.05,1,1
3.051,1,0
3.052,1,0
3.053,1,0
3.054,1,0
3.055,1,0
3.056,1,0
3.057,1,0
3.058,1,0
3.059,1,0
3.06,1,0
3.061,1,0
3.062,1,0
3.063,1,0
3.064,1,0
3.065,1,0
3.066,1,0
3.067,1,0
3.068,1,0
3.069,1,0
3.07,1,0
3.071,1,0
3.072,1,0
3.073,1,0
3.074,1,0
3.075,1,0
3.076,1,0
3.077,1,0
3.078,1,0
3.079,1,0
3.08,1,0
3.081,1,0
3.082,1,0
3.083,1,0
3.084,1,0
3.085,1,0
3.086,1,0
3.087,1,0
3.088,1,0
3.089,1,0
3.09,1,0
3.091,1,0
3.092,1,0
3.093,1,0
3.094,1,0
3.095,1,0
3.096,1,0
3.097,1,0
3.098,1,0
3.099,1,0
3.1,1,0
3.101,1,1
3.102,1,1
3.103,1,1
3.104,1,1
3.105,1,1
3.106,1,1
3.107,1,1
3.108,1,1
3.109,1,1
3.11,1,1
3.111,1,1
3.112,1,1
3.113,1,1
3.114,1,1
3.115,1,1
3.116,1,1
3.117,1,1
3.118,1,1
3.119,1,1
3.12,1,1
3.121,1,1
3.122,1,1
3.123,1,1
3.124,1,1
3.125,1,1
3.126,1,1
3.127,1,1
3.128,1,1
3.129,1,1
3.13,1,1
3.131,1,1
3.132,1,1
3.133,1,1
3.134,1,1
3.135,1,1
3.136,1,1
3.137,1,1
3.138,1,1
3.139,1,1
3.14,1,1
3.141,1,1
3.142,1,1
3.143,1,1
3.144,1,1
3.145,1,1
3.146,1,1
3.147,1,1
3.148,1,1
3.149,1,1
3.15,1,1
3.151,1,0
3.152,1,0
3.153,1,0
3.154,1,0
3.155,1,0
3.156,1,0
3.157,1,0
3.158,1,0
3.159,1,0
3.16,1,0
3.161,1,0
3.162,1,0
3.163,1,0
3.164,1,0
3.165,1,0
3.166,1,0
3.167,1,0
3.168,1,0
3.169,1,0
3.17,1,0
3.171,1,0
3.172,1,0
3.173,1,0
3.174,1,0
3.175,1,0
3.176,1,0
3.177,1,0
3.178,1,0
3.179,1,0
3.18,1,0
3.181,1,0
3.182,1,0
3.183,1,0
3.184,1,0
3.185,1,0
3.186,1,0
3.187,1,0
3.188,1,0
3.189,1,0
3.19,1,0
3.191,1,0
3.192,1,0
3.193,1,0
3.194,1,0
3.195,1,0
3.196,1,0
3.197,1,0
3.198,1,0
3.199,1,0
3.2,1,0
3.201,1,1
3.202,1,1
3.203,1,1
3.204,1,1
3.205,1,1
3.206,1,1
3.207,1,1
3.208,1,1
3.209,1,1
3.21,1,1
3.211,1,1
3.212,1,1
3.213,1,1
3.214,1,1
3.215,1,1
3.216,1,1
3.217,1,1
3.218,1,1
3.219,1,1
3.22,1,1
3.221,1,1
3.222,1,1
3.223,1,1
3.224,1,1
3.225,1,1
3.226,1,1
3.227,1,1
3.228,1,1
3.229,1,1
3.23,1,1
3.231,1,1
3.232,1,1
3.233,1,1
3.234,1,1
3.235,1,1
3.236,1,1
3.237,1,1
3.238,1,1
3.239,1,1
3.24,1,1
3.241,1,1
3.242,1,1
3.243,1,1
3.244,1,1
3.245,1,1
3.246,1,1
3.247,1,1
3.248,1,1
3.249,1,1
3.25,1,1
3.251,1,0
3.252,1,0
3.253,1,0
3.254,1,0
3.255,1,0
3.256,1,0
3.257,1,0
3.258,1,0
3.259,1,0
3.26,1,0
3.261,1,0
3.262,1,0
3.263,1,0
3.264,1,0
3.265,1,0
3.266,1,0
3.267,1,0
3.268,1,0
3.269,1,0
3.27,1,0
3.271,1,0
3.272,1,0
3.273,1,0
3.274,1,0
3.275,1,0
3.276,1,0
3.277,1,0
3.278,1,0
3.279,1,0
3.28,1,0
3.281,1,0
3.282,1,0
3.283,1,0
3.284,1,0
3.285,1,0
3.286,1,0
3.287,1,0
3.288,1,0
3.289,1,0
3.29,1,0
3.291,1,0
3.292,1,0
3.293,1,0
3.294,1,0
3.295,1,0
3.296,1,0
3.297,1,0
3.298,1,0
3.299,1,0
3.3,1,0
3.301,1,1
3.302,1,1
3.303,1,1
3.304,1,1
3.305,1,1
3.306,1,1
3.307,1,1
3.308,1,1
3.309,1,1
3.31,1,1
3.311,1,1
3.312,1,1
3.313,1,1
3.314,1,1
3.315,1,1
3.316,1,1
3.317,1,1
3.318,1,1
3.319,1,1
3.32,1,1
3.321,1,1
3.322,1,1
3.323,1,1
3.324,1,1
3.325,1,1
3.326,1,1
3.327,1,1
3.328,1,1
3.329,1,1
3.33,1,1
3.331,1,1
3.332,1,1
3.333,1,1
3.334,1,1
3.335,1,1
3.336,1,1
3.337,1,1
3.338,1,1
3.339,1,1
3.34,1,1
3.341,1,1
3.342,1,1
3.343,1,1
3.344,1,1
3.345,1,1
3.346,1,1
3.347,1,1
3.348,1,1
3.349,1,1
3.35,1,1
3.351,1,0
3.352,1,0
3.353,1,0
3.354,1,0
3.355,1,0
3.356,1,0
3.357,1,0
3.358,1,0
3.359,1,0
3.36,1,0
3.361,1,0
3.362,1,0
3.363,1,0
3.364,1,0
3.365,1,0
3.366,1,0
3.367,1,0
3.368,1,0
3.369,1,0
3.37,1,0
3.371,1,0
3.372,1,0
3.373,1,0
3.374,1,0
3.375,1,0
3.376,1,0
3.377,1,0
3.378,1,0
3.379,1,0
3.38,1,0
3.381,1,0
3.382,1,0
3.383,1,0
3.384,1,0
3.385,1,0
3.386,1,0
3.387,1,0
3.388,1,0
3.389,1,0
3.39,1,0
3.391,1,0
3.392,1,0
3.393,1,0
3.394,1,0
3.395,1,0
3.396,1,0
3.397,1,0
3.398,1,0
3.399,1,0
3.4,1,0
3.401,1,1
3.402,1,1
3.403,1,1
3.404,1,1
3.405,1,1
3.406,1,1
3.407,1,1
3.408,1,1
3.409,1,1
3.41,1,1
3.411,1,1
3.412,1,1
3.413,1,1
3.414,1,1
3.415,1,1
3.416,1,1
3.417,1,1
3.418,1,1
3.419,1,1
3.42,1,1
3.421,1,1
3.422,1,1
3.423,1,1
3.424,1,1
3.425,1,1
3.426,1,1
3.427,1,1
3.428,1,1
3.429,1,1
3.43,1,1
3.431,1,1
3.432,1,1
3.433,1,1
3.434,1,1
3.435,1,1
3.436,1,1
3.437,1,1
3.438,1,1
3.439,1,1
3.44,1,1
3.441,1,1
3.442,1,1
3.443,1,1
3.444,1,1
3.445,1,1
3.446,1,1
3.447,1,1
3.448,1,1
3.449,1,1
3.45,1,1
3.451,1,0
3.452,1,0
3.453,1,0
3.454,1,0
3.455,1,0
3.456,1,0
3.457,1,0
3.458,1,0
3.459,1,0
3.46,1,0
3.461,1,0
3.462,1,0
3.463,1,0
3.464,1,0
3.465,1,0
3.466,1,0
3.467,1,0
3.468,1,0
3.469,1,0
3.47,1,0
3.471,1,0
3.472,1,0
3.473,1,0
3.474,1,0
3.475,1,0
3.476,1,0
3.477,1,0
3.478,1,0
3.479,1,0
3.48,1,0
3.481,1,0
3.482,1,0
3.483,1,0
3.484,1,0
3.485,1,0
3.486,1,0
3.487,1,0
3.488,1,0
3.489,1,0
3.49,1,0
3.491,1,0
3.492,1,0
3.493,1,0
3.494,1,0
3.495,1,0
3.496,1,0
3.497,1,0
3.498,1,0
3.499,0,0
3.5,0,0
3.501,0,1
3.502,0,1
3.503,0,1
3.504,0,1
3.505,0,1
3.506,0,1
3.507,0,1
3.508,0,1
3.509,0,1
3.51,0,1
3.511,0,1
3.512,0,1
3.513,0,1
3.514,0,1
3.515,0,1
3.516,0,1
3.517,0,1
3.518,0,1
3.519,0,1
3.52,0,1
3.521,0,1
3.522,0,1
3.523,0,1
3.524,0,1
3.525,0,1
3.526,0,1
3.527,0,1
3.528,0,1
3.529,0,1
3.53,0,1
3.531,0,1
3.532,0,1
3.533,0,1
3.534,0,1
3.535,0,1
3.536,0,1
3.537,0,1
3.538,0,1
3.539,0,1
3.54,0,1
3.541,0,1
3.542,0,1
3.543,0,1
3.544,0,1
3.545,0,1
3.546,0,1
3.547,0,1
3.548,0,1
3.549,0,1
3.55,0,1
3.551,0,0
3.552,0,0
3.553,0,0
3.554,0,0
3.555,0,0
3.556,0,0
3.557,0,0
3.558,0,0
3.559,0,0
3.56,0,0
3.561,0,0
3.562,0,0
3.563,0,0
3.564,0,0
3.565,0,0
3.566,0,0
3.567,0,0
3.568,0,0
3.569,0,0
3.57,0,0
3.571,0,0
3.572,0,0
3.573,0,0
3.574,0,0
3.575,0,0
3.576,0,0
3.577,0,0
3.578,0,0
3.579,0,0
3.58,0,0
3.581,0,0
3.582,0,0
3.583,0,0
3.584,0,0
3.585,0,0
3.586,0,0
3.587,0,0
3.588,0,0
3.589,0,0
3.59,0,0
3.591,0,0
3.592,0,0
3.593,0,0
3.594,0,0
3.595,0,0
3.596,0,0
3.597,0,0
3.598,0,0
3.599,0,0
3.6,0,0
3.601,0,1
3.602,0,1
3.603,0,1
3.604,0,1
3.605,0,1
3.606,0,1
3.607,0,1
3.608,0,1
3.609,0,1
3.61,0,1
3.611,0,1
3.612,0,1
3.613,0,1
3.614,0,1
3.615,0,1
3.616,0,1
3.617,0,1
3.618,0,1
3.619,0,1
3.62,0,1
3.621,0,1
3.622,0,1
3.623,0,1
3.624,0,1
3.625,0,1
3.626,0,1
3.627,0,1
3.628,0,1
3.629,0,1
3.63,0,1
3.631,0,1
3.632,0,1
3.633,0,1
3.634,0,1
3.635,0,1
3.636,0,1
3.637,0,1
3.638,0,1
3.639,0,1
3.64,0,1
3.641,0,1
3.642,0,1
3.643,0,1
3.644,0,1
3.645,0,1
3.646,0,1
3.647,0,1
3.648,0,1
3.649,0,1
3.65,0,1
3.651,0,0
3.652,0,0
3.653,0,0
3.654,0,0
3.655,0,0
3.656,0,0
3.657,0,0
3.658,0,0
3.659,0,0
3.66,0,0
3.661,0,0
3.662,0,0
3.663,0,0
3.664,0,0
3.665,0,0
3.666,0,0
3.667,0,0
3.668,0,0
3.669,0,0
3.67,0,0
3.671,0,0
3.672,0,0
3.673,0,0
3.674,0,0
3.675,0,0
3.676,0,0
3.677,0,0
3.678,0,0
3.679,0,0
3.68,0,0
3.681,0,0
3.682,0,0
3.683,0,0
3.684,0,0
3.685,0,0
3.686,0,0
3.687,0,0
3.688,0,0
3.689,0,0
3.69,0,0
3.691,0,0
3.692,0,0
3.693,0,0
3.694,0,0
3.695,0,0
3.696,0,0
3.697,0,0
3.698,0,0
3.699,0,0
3.7,0,0
3.701,0,1
3.702,0,1
3.703,0,1
3.704,0,1
3.705,0,1
3.706,0,1
3.707,0,1
3.708,0,1
3.709,0,1
3.71,0,1
3.711,0,1
3.712,0,1
3.713,0,1
3.714,0,1
3.715,0,1
3.716,0,1
3.717,0,1
3.718,0,1
3.719,0,1
3.72,0,1
3.721,0,1
3.722,0,1
3.723,0,1
3.724,0,1
3.725,0,1
3.726,0,1
3.727,0,1
3.728,0,1
3.729,0,1
3.73,0,1
3.731,0,1
3.732,0,1
3.733,0,1
3.734,0,1
3.735,0,1
3.736,0,1
3.737,0,1
3.738,0,1
3.739,0,1
3.74,0,1
3.741,0,1
3.742,0,1
3.743,0,1
3.744,0,1
3.745,0,1
3.746,0,1
3.747,0,1
3.748,0,1
3.749,0,1
3.75,0,1
3.751,0,0
3.752,0,0
3.753,0,0
3.754,0,0
3.755,0,0
3.756,0,0
3.757,0,0
3.758,0,0
3.759,0,0
3.76,0,0
3.761,0,0
3.762,0,0
3.763,0,0
3.764,0,0
3.765,0,0
3.766,0,0
3.767,0,0
3.768,0,0
3.769,0,0
3.77,0,0
3.771,0,0
3.772,0,0
3.773,0,0
3.774,0,0
3.775,0,0
3.776,0,0
3.777,0,0
3.778,0,0
3.779,0,0
3.78,0,0
3.781,0,0
3.782,0,0
3.783,0,0
3.784,0,0
3.785,0,0
3.786,0,0
3.787,0,0
3.788,0,0
3.789,0,0
3.79,0,0
3.791,0,0
3.792,0,0
3.793,0,0
3.794,0,0
3.795,0,0
3.796,0,0
3.797,0,0
3.798,0,0
3.799,0,0
3.8,0,0
3.801,0,1
3.802,0,1
3.803,0,1
3.804,0,1
3.805,0,1
3.806,0,1
3.807,0,1
3.808,0,1
3.809,0,1
3.81,0,1
3.811,0,1
3.812,0,1
3.813,0,1
3.814,0,1
3.815,0,1
3.816,0,1
3.817,0,1
3.818,0,1
3.819,0,1
3.82,0,1
3.821,0,1
3.822,0,1
3.823,0,1
3.824,0,1
3.825,0,1
3.826,0,1
3.827,0,1
3.828,0,1
3.829,0,1
3.83,0,1
3.831,0,1
3.832,0,1
3.833,0,1
3.834,0,1
3.835,0,1
3.836,0,1
3.837,0,1
3.838,0,1
3.839,0,1
3.84,0,1
3.841,0,1
3.842,0,1
3.843,0,1
3.844,0,1
3.845,0,1
3.846,0,1
3.847,0,1
3.848,0,1
3.849,0,1
3.85,0,1
3.851,0,0
3.852,0,0
3.853,0,0
3.854,0,0
3.855,0,0
3.856,0,0
3.857,0,0
3.858,0,0
3.859,0,0
3.86,0,0
3.861,0,0
3.862,0,0
3.863,0,0
3.864,0,0
3.865,0,0
3.866,0,0
3.867,0,0
3.868,0,0
3.869,0,0
3.87,0,0
3.871,0,0
3.872,0,0
3.873,0,0
3.874,0,0
3.875,0,0
3.876,0,0
3.877,0,0
3.878,0,0
3.879,0,0
3.88,0,0
3.881,0,0
3.882,0,0
3.883,0,0
3.884,0,0
3.885,0,0
3.886,0,0
3.887,0,0
3.888,0,0
3.889,0,0
3.89,0,0
3.891,0,0
3.892,0,0
3.893,0,0
3.894,0,0
3.895,0,0
3.896,0,0
3.897,0,0
3.898,0,0
3.899,0,0
3.9,0,0
3.901,0,1
3.902,0,1
3.903,0,1
3.904,0,1
3.905,0,1
3.906,0,1
3.907,0,1
3.908,0,1
3.909,0,1
3.91,0,1
3.911,0,1
3.912,0,1
3.913,0,1
3.914,0,1
3.915,0,1
3.916,0,1
3.917,0,1
3.918,0,1
3.919,0,1
3.92,0,1
3.921,0,1
3.922,0,1
3.923,0,1
3.924,0,1
3.925,0,1
3.926,0,1
3.927,0,1
3.928,0,1
3.929,0,1
3.93,0,1
3.931,0,1
3.932,0,1
3.933,0,1
3.934,0,1
3.935,0,1
3.936,0,1
3.937,0,1
3.938,0,1
3.939,0,1
3.94,0,1
3.941,0,1
3.942,0,1
3.943,0,1
3.944,0,1
3.945,0,1
3.946,0,1
3.947,0,1
3.948,0,1
3.949,0,1
3.95,0,1
3.951,0,0
3.952,0,0
3.953,0,0
3.954,0,0
3.955,0,0
3.956,0,0
3.957,0,0
3.958,0,0
3.959,0,0
3.96,0,0
3.961,0,0
3.962,0,0
3.963,0,0
3.964,0,0
3.965,0,0
3.966,0,0
3.967,0,0
3.968,0,0
3.969,0,0
3.97,0,0
3.971,0,0
3.972,0,0
3.973,0,0
3.974,0,0
3.975,0,0
3.976,0,0
3.977,0,0
3.978,0,0
3.979,0,0
3.98,0,0
3.981,0,0
3.982,0,0
3.983,0,0
3.984,0,0
3.985,0,0
3.986,0,0
3.987,0,0
3.988,0,0
3.989,0,0
3.99,0,0
3.991,0,0
3.992,0,0
3.993,0,0
3.994,0,0
3.995,0,0
3.996,0,0
3.997,0,0
3.998,0,0
3.999,1,0
4,1,0
4.001,1,1
4.002,1,1
4.003,1,1
4.004,1,1
4.005,1,1
4.006,1,1
4.007,1,1
4.008,1,1
4.009,1,1
4.01,1,1
4.011,1,1
4.012,1,1
4.013,1,1
4.014,1,1
4.015,1,1
4.016,1,1
4.017,1,1
4.018,1,1
4.019,1,1
4.02,1,1
4.021,1,1
4.022,1,1
4.023,1,1
4.024,1,1
4.025,1,1
4.026,1,1
4.027,1,1
4.028,1,1
4.029,1,1
4.03,1,1
4.031,1,1
4.032,1,1
4.033,1,1
4.034,1,1
4.035,1,1
4.036,1,1
4.037,1,1
4.038,1,1
4.039,1,1
4.04,1,1
4.041,1,1
4.042,1,1
4.043,1,1
4.044,1,1
4.045,1,1
4.046,1,1
4.047,1,1
4.048,1,1
4.049,1,1
4.05,1,1
4.051,1,0
4.052,1,0
4.053,1,0
4.054,1,0
4.055,1,0
4.056,1,0
4.057,1,0
4.058,1,0
4.059,1,0
4.06,1,0
4.061,1,0
4.062,1,0
4.063,1,0
4.064,1,0
4.065,1,0
4.066,1,0
4.067,1,0
4.068,1,0
4.069,1,0
4.07,1,0
4.071,1,0
4.072,1,0
4.073,1,0
4.074,1,0
4.075,1,0
4.076,1,0
4.077,1,0
4.078,1,0
4.079,1,0
4.08,1,0
4.081,1,0
4.082,1,0
4.083,1,0
4.084,1,0
4.085,1,0
4.086,1,0
4.087,1,0
4.088,1,0
4.089,1,0
4.09,1,0
4.091,1,0
4.092,1,0
4.093,1,0
4.094,1,0
4.095,1,0
4.096,1,0
4.097,1,0
4.098,1,0
4.099,1,0
4.1,1,0
4.101,1,1
4.102,1,1
4.103,1,1
4.104,1,1
4.105,1,1
4.106,1,1
4.107,1,1
4.108,1,1
4.109,1,1
4.11,1,1
4.111,1,1
4.112,1,1
4.113,1,1
4.114,1,1
4.115,1,1
4.116,1,1
4.117,1,1
4.118,1,1
4.119,1,1
4.12,1,1
4.121,1,1
4.122,1,1
4.123,1,1
4.124,1,1
4.125,1,1
4.126,1,1
4.127,1,1
4.128,1,1
4.129,1,1
4.13,1,1
4.131,1,1
4.132,1,1
4.133,1,1
4.134,1,1
4.135,1,1
4.136,1,1
4.137,1,1
4.138,1,1
4.139,1,1
4.14,1,1
4.141,1,1
4.142,1,1
4.143,1,1
4.144,1,1
4.145,1,1
4.146,1,1
4.147,1,1
4.148,1,1
4.149,1,1
4.15,1,1
4.151,1,0
4.152,1,0
4.153,1,0
4.154,1,0
4.155,1,0
4.156,1,0
4.157,1,0
4.158,1,0
4.159,1,0
4.16,1,0
4.161,1,0
4.162,1,0
4.163,1,0
4.164,1,0
4.165,1,0
4.166,1,0
4.167,1,0
4.168,1,0
4.169,1,0
4.17,1,0
4.171,1,0
4.172,1,0
4.173,1,0
4.174,1,0
4.175,1,0
4.176,1,0
4.177,1,0
4.178,1,0
4.179,1,0
4.18,1,0
4.181,1,0
4.182,1,0
4.183,1,0
4.184,1,0
4.185,1,0
4.186,1,0
4.187,1,0
4.188,1,0
4.189,1,0
4.19,1,0
4.191,1,0
4.192,1,0
4.193,1,0
4.194,1,0
4.195,1,0
4.196,1,0
4.197,1,0
4.198,1,0
4.199,1,0
4.2,1,0
4.201,1,1
4.202,1,1
4.203,1,1
4.204,1,1
4.205,1,1
4.206,1,1
4.207,1,1
4.208,1,1
4.209,1,1
4.21,1,1
4.211,1,1
4.212,1,1
4.213,1,1
4.214,1,1
4.215,1,1
4.216,1,1
4.217,1,1
4.218,1,1
4.219,1,1
4.22,1,1
4.221,1,1
4.222,1,1
4.223,1,1
4.224,1,1
4.225,1,1
4.226,1,1
4.227,1,1
4.228,1,1
4.229,1,1
4.23,1,1
4.231,1,1
4.232,1,1
4.233,1,1
4.234,1,1
4.235,1,1
4.236,1,1
4.237,1,1
4.238,1,1
4.239,1,1
4.24,1,1
4.241,1,1
4.242,1,1
4.243,1,1
4.244,1,1
4.245,1,1
4.246,1,1
4.247,1,1
4.248,1,1
4.249,1,1
4.25,1,1
4.251,1,0
4.252,1,0
4.253,1,0
4.254,1,0
4.255,1,0
4.256,1,0
4.257,1,0
4.258,1,0
4.259,1,0
4.26,1,0
4.261,1,0
4.262,1,0
4.263,1,0
4.264,1,0
4.265,1,0
4.266,1,0
4.267,1,0
4.268,1,0
4.269,1,0
4.27,1,0
4.271,1,0
4.272,1,0
4.273,1,0
4.274,1,0
4.275,1,0
4.276,1,0
4.277,1,0
4.278,1,0
4.279,1,0
4.28,1,0
4.281,1,0
4.282,1,0
4.283,1,0
4.284,1,0
4.285,1,0
4.286,1,0
4.287,1,0
4.288,1,0
4.289,1,0
4.29,1,0
4.291,1,0
4.292,1,0
4.293,1,0
4.294,1,0
4.295,1,0
4.296,1,0
4.297,1,0
4.298,1,0
4.299,1,0
4.3,1,0
4.301,1,1
4.302,1,1
4.303,1,1
4.304,1,1
4.305,1,1
4.306,1,1
4.307,1,1
4.308,1,1
4.309,1,1
4.31,1,1
4.311,1,1
4.312,1,1
4.313,1,1
4.314,1,1
4.315,1,1
4.316,1,1
4.317,1,1
4.318,1,1
4.319,1,1
4.32,1,1
4.321,1,1
4.322,1,1
4.323,1,1
4.324,1,1
4.325,1,1
4.326,1,1
4.327,1,1
4.328,1,1
4.329,1,1
4.33,1,1
4.331,1,1
4.332,1,1
4.333,1,1
4.334,1,1
4.335,1,1
4.336,1,1
4.337,1,1
4.338,1,1
4.339,1,1
4.34,1,1
4.341,1,1
4.342,1,1
4.343,1,1
4.344,1,1
4.345,1,1
4.346,1,1
4.347,1,1
4.348,1,1
4.349,1,1
4.35,1,1
4.351,1,0
4.352,1,0
4.353,1,0
4.354,1,0
4.355,1,0
4.356,1,0
4.357,1,0
4.358,1,0
4.359,1,0
4.36,1,0
4.361,1,0
4.362,1,0
4.363,1,0
4.364,1,0
4.365,1,0
4.366,1,0
4.367,1,0
4.368,1,0
4.369,1,0
4.37,1,0
4.371,1,0
4.372,1,0
4.373,1,0
4.374,1,0
4.375,1,0
4.376,1,0
4.377,1,0
4.378,1,0
4.379,1,0
4.38,1,0
4.381,1,0
4.382,1,0
4.383,1,0
4.384,1,0
4.385,1,0
4.386,1,0
4.387,1,0
4.388,1,0
4.389,1,0
4.39,1,0
4.391,1,0
4.392,1,0
4.393,1,0
4.394,1,0
4.395,1,0
4.396,1,0
4.397,1,0
4.398,1,0
4.399,1,0
4.4,1,0
4.401,1,1
4.402,1,1
4.403,1,1
4.404,1,1
4.405,1,1
4.406,1,1
4.407,1,1
4.408,1,1
4.409,1,1
4.41,1,1
4.411,1,1
4.412,1,1
4.413,1,1
4.414,1,1
4.415,1,1
4.416,1,1
4.417,1,1
4.418,1,1
4.419,1,1
4.42,1,1
4.421,1,1
4.422,1,1
4.423,1,1
4.424,1,1
4.425,1,1
4.426,1,1
4.427,1,1
4.428,1,1
4.429,1,1
4.43,1,1
4.431,1,1
4.432,1,1
4.433,1,1
4.434,1,1
4.435,1,1
4.436,1,1
4.437,1,1
4.438,1,1
4.439,1,1
4.44,1,1
4.441,1,1
4.442,1,1
4.443,1,1
4.444,1,1
4.445,1,1
4.446,1,1
4.447,1,1
4.448,1,1
4.449,1,1
4.45,1,1
4.451,1,0
4.452,1,0
4.453,1,0
4.454,1,0
4.455,1,0
4.456,1,0
4.457,1,0
4.458,1,0
4.459,1,0
4.46,1,0
4.461,1,0
4.462,1,0
4.463,1,0
4.464,1,0
4.465,1,0
4.466,1,0
4.467,1,0
4.468,1,0
4.469,1,0
4.47,1,0
4.471,1,0
4.472,1,0
4.473,1,0
4.474,1,0
4.475,1,0
4.476,1,0
4.477,1,0
4.478,1,0
4.479,1,0
4.48,1,0
4.481,1,0
4.482,1,0
4.483,1,0
4.484,1,0
4.485,1,0
4.486,1,0
4.487,1,0
4.488,1,0
4.489,1,0
4.49,1,0
4.491,1,0
4.492,1,0
4.493,1,0
4.494,1,0
4.495,1,0
4.496,1,0
4.497,1,0
4.498,1,0
4.499,0,0
4.5,0,0
4.501,0,1
4.502,0,1
4.503,0,1
4.504,0,1
4.505,0,1
4.506,0,1
4.507,0,1
4.508,0,1
4.509,0,1
4.51,0,1
4.511,0,1
4.512,0,1
4.513,0,1
4.514,0,1
4.515,0,1
4.516,0,1
4.517,0,1
4.518,0,1
4.519,0,1
4.52,0,1
4.521,0,1
4.522,0,1
4.523,0,1
4.524,0,1
4.525,0,1
4.526,0,1
4.527,0,1
4.528,0,1
4.529,0,1
4.53,0,1
4.531,0,1
4.532,0,1
4.533,0,1
4.534,0,1
4.535,0,1
4.536,0,1
4.537,0,1
4.538,0,1
4.539,0,1
4.54,0,1
4.541,0,1
4.542,0,1
4.543,0,1
4.544,0,1
4.545,0,1
4.546,0,1
4.547,0,1
4.548,0,1
4.549,0,1
4.55,0,1
4.551,0,0
4.552,0,0
4.553,0,0
4.554,0,0
4.555,0,0
4.556,0,0
4.557,0,0
4.558,0,0
4.559,0,0
4.56,0,0
4.561,0,0
4.562,0,0
4.563,0,0
4.564,0,0
4.565,0,0
4.566,0,0
4.567,0,0
4.568,0,0
4.569,0,0
4.57,0,0
4.571,0,0
4.572,0,0
4.573,0,0
4.574,0,0
4.575,0,0
4.576,0,0
4.577,0,0
4.578,0,0
4.579,0,0
4.58,0,0
4.581,0,0
4.582,0,0
4.583,0,0
4.584,0,0
4.585,0,0
4.586,0,0
4.587,0,0
4.588,0,0
4.589,0,0
4.59,0,0
4.591,0,0
4.592,0,0
4.593,0,0
4.594,0,0
4.595,0,0
4.596,0,0
4.597,0,0
4.598,0,0
4.599,0,0
4.6,0,0
4.601,0,1
4.602,0,1
4.603,0,1
4.604,0,1
4.605,0,1
4.606,0,1
4.607,0,1
4.608,0,1
4.609,0,1
4.61,0,1
4.611,0,1
4.612,0,1
4.613,0,1
4.614,0,1
4.615,0,1
4.616,0,1
4.617,0,1
4.618,0,1
4.619,0,1
4.62,0,1
4.621,0,1
4.622,0,1
4.623,0,1
4.624,0,1
4.625,0,1
4.626,0,1
4.627,0,1
4.628,0,1
4.629,0,1
4.63,0,1
4.631,0,1
4.632,0,1
4.633,0,1
4.634,0,1
4.635,0,1
4.636,0,1
4.637,0,1
4.638,0,1
4.639,0,1
4.64,0,1
4.641,0,1
4.642,0,1
4.643,0,1
4.644,0,1
4.645,0,1
4.646,0,1
4.647,0,1
4.648,0,1
4.649,0,1
4.65,0,1
4.651,0,0
4.652,0,0
4.653,0,0
4.654,0,0
4.655,0,0
4.656,0,0
4.657,0,0
4.658,0,0
4.659,0,0
4.66,0,0
4.661,0,0
4.662,0,0
4.663,0,0
4.664,0,0
4.665,0,0
4.666,0,0
4.667,0,0
4.668,0,0
4.669,0,0
4.67,0,0
4.671,0,0
4.672,0,0
4.673,0,0
4.674,0,0
4.675,0,0
4.676,0,0
4.677,0,0
4.678,0,0
4.679,0,0
4.68,0,0
4.681,0,0
4.682,0,0
4.683,0,0
4.684,0,0
4.685,0,0
4.686,0,0
4.687,0,0
4.688,0,0
4.689,0,0
4.69,0,0
4.691,0,0
4.692,0,0
4.693,0,0
4.694,0,0
4.695,0,0
4.696,0,0
4.697,0,0
4.698,0,0
4.699,0,0
4.7,0,0
4.701,0,1
4.702,0,1
4.703,0,1
4.704,0,1
4.705,0,1
4.706,0,1
4.707,0,1
4.708,0,1
4.709,0,1
4.71,0,1
4.711,0,1
4.712,0,1
4.713,0,1
4.714,0,1
4.715,0,1
4.716,0,1
4.717,0,1
4.718,0,1
4.719,0,1
4.72,0,1
4.721,0,1
4.722,0,1
4.723,0,1
4.724,0,1
4.725,0,1
4.726,0,1
4.727,0,1
4.728,0,1
4.729,0,1
4.73,0,1
4.731,0,1
4.732,0,1
4.733,0,1
4.734,0,1
4.735,0,1
4.736,0,1
4.737,0,1
4.738,0,1
4.739,0,1
4.74,0,1
4.741,0,1
4.742,0,1
4.743,0,1
4.744,0,1
4.745,0,1
4.746,0,1
4.747,0,1
4.748,0,1
4.749,0,1
4.75,0,1
4.751,0,0
4.752,0,0
4.753,0,0
4.754,0,0
4.755,0,0
4.756,0,0
4.757,0,0
4.758,0,0
4.759,0,0
4.76,0,0
4.761,0,0
4.762,0,0
4.763,0,0
4.764,0,0
4.765,0,0
4.766,0,0
4.767,0,0
4.768,0,0
4.769,0,0
4.77,0,0
4.771,0,0
4.772,0,0
4.773,0,0
4.774,0,0
4.775,0,0
4.776,0,0
4.777,0,0
4.778,0,0
4.779,0,0
4.78,0,0
4.781,0,0
4.782,0,0
4.783,0,0
4.784,0,0
4.785,0,0
4.786,0,0
4.787,0,0
4.788,0,0
4.789,0,0
4.79,0,0
4.791,0,0
4.792,0,0
4.793,0,0
4.794,0,0
4.795,0,0
4.796,0,0
4.797,0,0
4.798,0,0
4.799,0,0
4.8,0,0
4.801,0,1
4.802,0,1
4.803,0,1
4.804,0,1
4.805,0,1
4.806,0,1
4.807,0,1
4.808,0,1
4.809,0,1
4.81,0,1
4.811,0,1
4.812,0,1
4.813,0,1
4.814,0,1
4.815,0,1
4.816,0,1
4.817,0,1
4.818,0,1
4.819,0,1
4.82,0,1
4.821,0,1
4.822,0,1
4.823,0,1
4.824,0,1
4.825,0,1
4.826,0,1
4.827,0,1
4.828,0,1
4.829,0,1
4.83,0,1
4.831,0,1
4.832,0,1
4.833,0,1
4.834,0,1
4.835,0,1
4.836,0,1
4.837,0,1
4.838,0,1
4.839,0,1
4.84,0,1
4.841,0,1
4.842,0,1
4.843,0,1
4.844,0,1
4.845,0,1
4.846,0,1
4.847,0,1
4.848,0,1
4.849,0,1
4.85,0,1
4.851,0,0
4.852,0,0
4.853,0,0
4.854,0,0
4.855,0,0
4.856,0,0
4.857,0,0
4.858,0,0
4.859,0,0
4.86,0,0
4.861,0,0
4.862,0,0
4.863,0,0
4.864,0,0
4.865,0,0
4.866,0,0
4.867,0,0
4.868,0,0
4.869,0,0
4.87,0,0
4.871,0,0
4.872,0,0
4.873,0,0
4.874,0,0
4.875,0,0
4.876,0,0
4.877,0,0
4.878,0,0
4.879,0,0
4.88,0,0
4.881,0,0
4.882,0,0
4.883,0,0
4.884,0,0
4.885,0,0
4.886,0,0
4.887,0,0
4.888,0,0
4.889,0,0
4.89,0,0
4.891,0,0
4.892,0,0
4.893,0,0
4.894,0,0
4.895,0,0
4.896,0,0
4.897,0,0
4.898,0,0
4.899,0,0
4.9,0,0
4.901,0,1
4.902,0,1
4.903,0,1
4.904,0,1
4.905,0,1
4.906,0,1
4.907,0,1
4.908,0,1
4.909,0,1
4.91,0,1
4.911,0,1
4.912,0,1
4.913,0,1
4.914,0,1
4.915,0,1
4.916,0,1
4.917,0,1
4.918,0,1
4.919,0,1
4.92,0,1
4.921,0,1
4.922,0,1
4.923,0,1
4.924,0,1
4.925,0,1
4.926,0,1
4.927,0,1
4.928,0,1
4.929,0,1
4.93,0,1
4.931,0,1
4.932,0,1
4.933,0,1
4.934,0,1
4.935,0,1
4.936,0,1
4.937,0,1
4.938,0,1
4.939,0,1
4.94,0,1
4.941,0,1
4.942,0,1
4.943,0,1
4.944,0,1
4.945,0,1
4.946,0,1
4.947,0,1
4.948,0,1
4.949,0,1
4.95,0,1
4.951,0,0
4.952,0,0
4.953,0,0
4.954,0,0
4.955,0,0
4.956,0,0
4.957,0,0
4.958,0,0
4.959,0,0
4.96,0,0
4.961,0,0
4.962,0,0
4.963,0,0
4.964,0,0
4.965,0,0
4.966,0,0
4.967,0,0
4.968,0,0
4.969,0,0
4.97,0,0
4.971,0,0
4.972,0,0
4.973,0,0
4.974,0,0
4.975,0,0
4.976,0,0
4.977,0,0
4.978,0,0
4.979,0,0
4.98,0,0
4.981,0,0
4.982,0,0
4.983,0,0
4.984,0,0
4.985,0,0
4.986,0,0
4.987,0,0
4.988,0,0
4.989,0,0
4.99,0,0
4.991,0,0
4.992,0,0
4.993,0,0
4.994,0,0
4.995,0,0
4.996,0,0
4.997,0,0
4.998,0,0
4.999,1,0
5,1,0
5.001,1,1
5.002,1,1
5.003,1,1
5.004,1,1
5.005,1,1
5.006,1,1
5.007,1,1
5.008,1,1
5.009,1,1
5.01,1,1
5.011,1,1
5.012,1,1
5.013,1,1
5.014,1,1
5.015,1,1
5.016,1,1
5.017,1,1
5.018,1,1
5.019,1,1
5.02,1,1
5.021,1,1
5.022,1,1
5.023,1,1
5.024,1,1
5.025,1,1
5.026,1,1
5.027,1,1
5.028,1,1
5.029,1,1
5.03,1,1
5.031,1,1
5.032,1,1
5.033,1,1
5.034,1,1
5.035,1,1
5.036,1,1
5.037,1,1
5.038,1,1
5.039,1,1
5.04,1,1
5.041,1,1
5.042,1,1
5.043,1,1
5.044,1,1
5.045,1,1
5.046,1,1
5.047,1,1
5.048,1,1
5.049,1,1
5.05,1,1
5.051,1,0
5.052,1,0
5.053,1,0
5.054,1,0
5.055,1,0
5.056,1,0
5.057,1,0
5.058,1,0
5.059,1,0
5.06,1,0
5.061,1,0
5.062,1,0
5.063,1,0
5.064,1,0
5.065,1,0
5.066,1,0
5.067,1,0
5.068,1,0
5.069,1,0
5.07,1,0
5.071,1,0
5.072,1,0
5.073,1,0
5.074,1,0
5.075,1,0
5.076,1,0
5.077,1,0
5.078,1,0
5.079,1,0
5.08,1,0
5.081,1,0
5.082,1,0
5.083,1,0
5.084,1,0
5.085,1,0
5.086,1,0
5.087,1,0
5.088,1,0
5.089,1,0
5.09,1,0
5.091,1,0
5.092,1,0
5.093,1,0
5.094,1,0
5.095,1,0
5.096,1,0
5.097,1,0
5.098,1,0
5.099,1,0
5.1,1,0
5.101,1,1
5.102,1,1
5.103,1,1
5.104,1,1
5.105,1,1
5.106,1,1
5.107,1,1
5.108,1,1
5.109,1,1
5.11,1,1
5.111,1,1
5.112,1,1
5.113,1,1
5.114,1,1
5.115,1,1
5.116,1,1
5.117,1,1
5.118,1,1
5.119,1,1
5.12,1,1
5.121,1,1
5.122,1,1
5.123,1,1
5.124,1,1
5.125,1,1
5.126,1,1
5.127,1,1
5.128,1,1
5.129,1,1
5.13,1,1
5.131,1,1
5.132,1,1
5.133,1,1
5.134,1,1
5.135,1,1
5.136,1,1
5.137,1,1
5.138,1,1
5.139,1,1
5.14,1,1
5.141,1,1
5.142,1,1
5.143,1,1
5.144,1,1
5.145,1,1
5.146,1,1
5.147,1,1
5.148,1,1
5.149,1,1
5.15,1,1
5.151,1,0
5.152,1,0
5.153,1,0
5.154,1,0
5.155,1,0
5.156,1,0
5.157,1,0
5.158,1,0
5.159,1,0
5.16,1,0
5.161,1,0
5.162,1,0
5.163,1,0
5.164,1,0
5.165,1,0
5.166,1,0
5.167,1,0
5.168,1,0
5.169,1,0
5.17,1,0
5.171,1,0
5.172,1,0
5.173,1,0
5.174,1,0
5.175,1,0
5.176,1,0
5.177,1,0
5.178,1,0
5.179,1,0
5.18,1,0
5.181,1,0
5.182,1,0
5.183,1,0
5.184,1,0
5.185,1,0
5.186,1,0
5.187,1,0
5.188,1,0
5.189,1,0
5.19,1,0
5.191,1,0
5.192,1,0
5.193,1,0
5.194,1,0
5.195,1,0
5.196,1,0
5.197,1,0
5.198,1,0
5.199,1,0
5.2,1,0
5.201,1,1
5.202,1,1
5.203,1,1
5.204,1,1
5.205,1,1
5.206,1,1
5.207,1,1
5.208,1,1
5.209,1,1
5.21,1,1
5.211,1,1
5.212,1,1
5.213,1,1
5.214,1,1
5.215,1,1
5.216,1,1
5.217,1,1
5.218,1,1
5.219,1,1
5.22,1,1
5.221,1,1
5.222,1,1
5.223,1,1
5.224,1,1
5.225,1,1
5.226,1,1
5.227,1,1
5.228,1,1
5.229,1,1
5.23,1,1
5.231,1,1
5.232,1,1
5.233,1,1
5.234,1,1
5.235,1,1
5.236,1,1
5.237,1,1
5.238,1,1
5.239,1,1
5.24,1,1
5.241,1,1
5.242,1,1
5.243,1,1
5.244,1,1
5.245,1,1
5.246,1,1
5.247,1,1
5.248,1,1
5.249,1,1
5.25,1,1
5.251,1,0
5.252,1,0
5.253,1,0
5.254,1,0
5.255,1,0
5.256,1,0
5.257,1,0
5.258,1,0
5.259,1,0
5.26,1,0
5.261,1,0
5.262,1,0
5.263,1,0
5.264,1,0
5.265,1,0
5.266,1,0
5.267,1,0
5.268,1,0
5.269,1,0
5.27,1,0
5.271,1,0
5.272,1,0
5.273,1,0
5.274,1,0
5.275,1,0
5.276,1,0
5.277,1,0
5.278,1,0
5.279,1,0
5.28,1,0
5.281,1,0
5.282,1,0
5.283,1,0
5.284,1,0
5.285,1,0
5.286,1,0
5.287,1,0
5.288,1,0
5.289,1,0
5.29,1,0
5.291,1,0
5.292,1,0
5.293,1,0
5.294,1,0
5.295,1,0
5.296,1,0
5.297,1,0
5.298,1,0
5.299,1,0
5.3,1,0
5.301,1,1
5.302,1,1
5.303,1,1
5.304,1,1
5.305,1,1
5.306,1,1
5.307,1,1
5.308,1,1
5.309,1,1
5.31,1,1
5.311,1,1
5.312,1,1
5.313,1,1
5.314,1,1
5.315,1,1
5.316,1,1
5.317,1,1
5.318,1,1
5.319,1,1
5.32,1,1
5.321,1,1
5.322,1,1
5.323,1,1
5.324,1,1
5.325,1,1
5.326,1,1
5.327,1,1
5.328,1,1
5.329,1,1
5.33,1,1
5.331,1,1
5.332,1,1
5.333,1,1
5.334,1,1
5.335,1,1
5.336,1,1
5.337,1,1
5.338,1,1
5.339,1,1
5.34,1,1
5.341,1,1
5.342,1,1
5.343,1,1
5.344,1,1
5.345,1,1
5.346,1,1
5.347,1,1
5.348,1,1
5.349,1,1
5.35,1,1
5.351,1,0
5.352,1,0
5.353,1,0
5.354,1,0
5.355,1,0
5.356,1,0
5.357,1,0
5.358,1,0
5.359,1,0
5.36,1,0
5.361,1,0
5.362,1,0
5.363,1,0
5.364,1,0
5.365,1,0
5.366,1,0
5.367,1,0
5.368,1,0
5.369,1,0
5.37,1,0
5.371,1,0
5.372,1,0
5.373,1,0
5.374,1,0
5.375,1,0
5.376,1,0
5.377,1,0
5.378,1,0
5.379,1,0
5.38,1,0
5.381,1,0
5.382,1,0
5.383,1,0
5.384,1,0
5.385,1,0
5.386,1,0
5.387,1,0
5.388,1,0
5.389,1,0
5.39,1,0
5.391,1,0
5.392,1,0
5.393,1,0
5.394,1,0
5.395,1,0
5.396,1,0
5.397,1,0
5.398,1,0
5.399,1,0
5.4,1,0
5.401,1,1
5.402,1,1
5.403,1,1
5.404,1,1
5.405,1,1
5.406,1,1
5.407,1,1
5.408,1,1
5.409,1,1
5.41,1,1
5.411,1,1
5.412,1,1
5.413,1,1
5.414,1,1
5.415,1,1
5.416,1,1
5.417,1,1
5.418,1,1
5.419,1,1
5.42,1,1
5.421,1,1
5.422,1,1
5.423,1,1
5.424,1,1
5.425,1,1
5.426,1,1
5.427,1,1
5.428,1,1
5.429,1,1
5.43,1,1
5.431,1,1
5.432,1,1
5.433,1,1
5.434,1,1
5.435,1,1
5.436,1,1
5.437,1,1
5.438,1,1
5.439,1,1
5.44,1,1
5.441,1,1
5.442,1,1
5.443,1,1
5.444,1,1
5.445,1,1
5.446,1,1
5.447,1,1
5.448,1,1
5.449,1,1
5.45,1,1
5.451,1,0
5.452,1,0
5.453,1,0
5.454,1,0
5.455,1,0
5.456,1,0
5.457,1,0
5.458,1,0
5.459,1,0
5.46,1,0
5.461,1,0
5.462,1,0
5.463,1,0
5.464,1,0
5.465,1,0
5.466,1,0
5.467,1,0
5.468,1,0
5.469,1,0
5.47,1,0
5.471,1,0
5.472,1,0
5.473,1,0
5.474,1,0
5.475,1,0
5.476,1,0
5.477,1,0
5.478,1,0
5.479,1,0
5.48,1,0
5.481,1,0
5.482,1,0
5.483,1,0
5.484,1,0
5.485,1,0
5.486,1,0
5.487,1,0
5.488,1,0
5.489,1,0
5.49,1,0
5.491,1,0
5.492,1,0
5.493,1,0
5.494,1,0
5.495,1,0
5.496,1,0
5.497,1,0
5.498,1,0
5.499,0,0
5.5,0,0
5.501,0,1
5.502,0,1
5.503,0,1
5.504,0,1
5.505,0,1
5.506,0,1
5.507,0,1
5.508,0,1
5.509,0,1
5.51,0,1
5.511,0,1
5.512,0,1
5.513,0,1
5.514,0,1
5.515,0,1
5.516,0,1
5.517,0,1
5.518,0,1
5.519,0,1
5.52,0,1
5.521,0,1
5.522,0,1
5.523,0,1
5.524,0,1
5.525,0,1
5.526,0,1
5.527,0,1
5.528,0,1
5.529,0,1
5.53,0,1
5.531,0,1
5.532,0,1
5.533,0,1
5.534,0,1
5.535,0,1
5.536,0,1
5.537,0,1
5.538,0,1
5.539,0,1
5.54,0,1
5.541,0,1
5.542,0,1
5.543,0,1
5.544,0,1
5.545,0,1
5.546,0,1
5.547,0,1
5.548,0,1
5.549,0,1
5.55,0,1
5.551,0,0
5.552,0,0
5.553,0,0
5.554,0,0
5.555,0,0
5.556,0,0
5.557,0,0
5.558,0,0
5.559,0,0
5.56,0,0
5.561,0,0
5.562,0,0
5.563,0,0
5.564,0,0
5.565,0,0
5.566,0,0
5.567,0,0
5.568,0,0
5.569,0,0
5.57,0,0
5.571,0,0
5.572,0,0
5.573,0,0
5.574,0,0
5.575,0,0
5.576,0,0
5.577,0,0
5.578,0,0
5.579,0,0
5.58,0,0
5.581,0,0
5.582,0,0
5.583,0,0
5.584,0,0
5.585,0,0
5.586,0,0
5.587,0,0
5.588,0,0
5.589,0,0
5.59,0,0
5.591,0,0
5.592,0,0
5.593,0,0
5.594,0,0
5.595,0,0
5.596,0,0
5.597,0,0
5.598,0,0
5.599,0,0
5.6,0,0
5.601,0,1
5.602,0,1
5.603,0,1
5.604,0,1
5.605,0,1
5.606,0,1
5.607,0,1
5.608,0,1
5.609,0,1
5.61,0,1
5.611,0,1
5.612,0,1
5.613,0,1
5.614,0,1
5.615,0,1
5.616,0,1
5.617,0,1
5.618,0,1
5.619,0,1
5.62,0,1
5.621,0,1
5.622,0,1
5.623,0,1
5.624,0,1
5.625,0,1
5.626,0,1
5.627,0,1
5.628,0,1
5.629,0,1
5.63,0,1
5.631,0,1
5.632,0,1
5.633,0,1
5.634,0,1
5.635,0,1
5.636,0,1
5.637,0,1
5.638,0,1
5.639,0,1
5.64,0,1
5.641,0,1
5.642,0,1
5.643,0,1
5.644,0,1
5.645,0,1
5.646,0,1
5.647,0,1
5.648,0,1
5.649,0,1
5.65,0,1
5.651,0,0
5.652,0,0
5.653,0,0
5.654,0,0
5.655,0,0
5.656,0,0
5.657,0,0
5.658,0,0
5.659,0,0
5.66,0,0
5.661,0,0
5.662,0,0
5.663,0,0
5.664,0,0
5.665,0,0
5.666,0,0
5.667,0,0
5.668,0,0
5.669,0,0
5.67,0,0
5.671,0,0
5.672,0,0
5.673,0,0
5.674,0,0
5.675,0,0
5.676,0,0
5.677,0,0
5.678,0,0
5.679,0,0
5.68,0,0
5.681,0,0
5.682,0,0
5.683,0,0
5.684,0,0
5.685,0,0
5.686,0,0
5.687,0,0
5.688,0,0
5.689,0,0
5.69,0,0
5.691,0,0
5.692,0,0
5.693,0,0
5.694,0,0
5.695,0,0
5.696,0,0
5.697,0,0
5.698,0,0
5.699,0,0
5.7,0,0
5.701,0,1
5.702,0,1
5.703,0,1
5.704,0,1
5.705,0,1
5.706,0,1
5.707,0,1
5.708,0,1
5.709,0,1
5.71,0,1
5.711,0,1
5.712,0,1
5.713,0,1
5.714,0,1
5.715,0,1
5.716,0,1
5.717,0,1
5.718,0,1
5.719,0,1
5.72,0,1
5.721,0,1
5.722,0,1
5.723,0,1
5.724,0,1
5.725,0,1
5.726,0,1
5.727,0,1
5.728,0,1
5.729,0,1
5.73,0,1
5.731,0,1
5.732,0,1
5.733,0,1
5.734,0,1
5.735,0,1
5.736,0,1
5.737,0,1
5.738,0,1
5.739,0,1
5.74,0,1
5.741,0,1
5.742,0,1
5.743,0,1
5.744,0,1
5.745,0,1
5.746,0,1
5.747,0,1
5.748,0,1
5.749,0,1
5.75,0,1
5.751,0,0
5.752,0,0
5.753,0,0
5.754,0,0
5.755,0,0
5.756,0,0
5.757,0,0
5.758,0,0
5.759,0,0
5.76,0,0
5.761,0,0
5.762,0,0
5.763,0,0
5.764,0,0
5.765,0,0
5.766,0,0
5.767,0,0
5.768,0,0
5.769,0,0
5.77,0,0
5.771,0,0
5.772,0,0
5.773,0,0
5.774,0,0
5.775,0,0
5.776,0,0
5.777,0,0
5.778,0,0
5.779,0,0
5.78,0,0
5.781,0,0
5.782,0,0
5.783,0,0
5.784,0,0
5.785,0,0
5.786,0,0
5.787,0,0
5.788,0,0
5.789,0,0
5.79,0,0
5.791,0,0
5.792,0,0
5.793,0,0
5.794,0,0
5.795,0,0
5.796,0,0
5.797,0,0
5.798,0,0
5.799,0,0
5.8,0,0
5.801,0,1
5.802,0,1
5.803,0,1
5.804,0,1
5.805,0,1
5.806,0,1
5.807,0,1
5.808,0,1
5.809,0,1
5.81,0,1
5.811,0,1
5.812,0,1
5.813,0,1
5.814,0,1
5.815,0,1
5.816,0,1
5.817,0,1
5.818,0,1
5.819,0,1
5.82,0,1
5.821,0,1
5.822,0,1
5.823,0,1
5.824,0,1
5.825,0,1
5.826,0,1
5.827,0,1
5.828,0,1
5.829,0,1
5.83,0,1
5.831,0,1
5.832,0,1
5.833,0,1
5.834,0,1
5.835,0,1
5.836,0,1
5.837,0,1
5.838,0,1
5.839,0,1
5.84,0,1
5.841,0,1
5.842,0,1
5.843,0,1
5.844,0,1
5.845,0,1
5.846,0,1
5.847,0,1
5.848,0,1
5.849,0,1
5.85,0,1
5.851,0,0
5.852,0,0
5.853,0,0
5.854,0,0
5.855,0,0
5.856,0,0
5.857,0,0
5.858,0,0
5.859,0,0
5.86,0,0
5.861,0,0
5.862,0,0
5.863,0,0
5.864,0,0
5.865,0,0
5.866,0,0
5.867,0,0
5.868,0,0
5.869,0,0
5.87,0,0
5.871,0,0
5.872,0,0
5.873,0,0
5.874,0,0
5.875,0,0
5.876,0,0
5.877,0,0
5.878,0,0
5.879,0,0
5.88,0,0
5.881,0,0
5.882,0,0
5.883,0,0
5.884,0,0
5.885,0,0
5.886,0,0
5.887,0,0
5.888,0,0
5.889,0,0
5.89,0,0
5.891,0,0
5.892,0,0
5.893,0,0
5.894,0,0
5.895,0,0
5.896,0,0
5.897,0,0
5.898,0,0
5.899,0,0
5.9,0,0
5.901,0,1
5.902,0,1
5.903,0,1
5.904,0,1
5.905,0,1
5.906,0,1
5.907,0,1
5.908,0,1
5.909,0,1
5.91,0,1
5.911,0,1
5.912,0,1
5.913,0,1
5.914,0,1
5.915,0,1
5.916,0,1
5.917,0,1
5.918,0,1
5.919,0,1
5.92,0,1
5.921,0,1
5.922,0,1
5.923,0,1
5.924,0,1
5.925,0,1
5.926,0,1
5.927,0,1
5.928,0,1
5.929,0,1
5.93,0,1
5.931,0,1
5.932,0,1
5.933,0,1
5.934,0,1
5.935,0,1
5.936,0,1
5.937,0,1
5.938,0,1
5.939,0,1
5.94,0,1
5.941,0,1
5.942,0,1
5.943,0,1
5.944,0,1
5.945,0,1
5.946,0,1
5.947,0,1
5.948,0,1
5.949,0,1
5.95,0,1
5.951,0,0
5.952,0,0
5.953,0,0
5.954,0,0
5.955,0,0
5.956,0,0
5.957,0,0
5.958,0,0
5.959,0,0
5.96,0,0
5.961,0,0
5.962,0,0
5.963,0,0
5.964,0,0
5.965,0,0
5.966,0,0
5.967,0,0
5.968,0,0
5.969,0,0
5.97,0,0
5.971,0,0
5.972,0,0
5.973,0,0
5.974,0,0
5.975,0,0
5.976,0,0
5.977,0,0
5.978,0,0
5.979,0,0
5.98,0,0
5.981,0,0
5.982,0,0
5.983,0,0
5.984,0,0
5.985,0,0
5.986,0,0
5.987,0,0
5.988,0,0
5.989,0,0
5.99,0,0
5.991,0,0
5.992,0,0
5.993,0,0
5.994,0,0
5.995,0,0
5.996,0,0
5.997,0,0
5.998,0,0
5.999,1,0
6,1,0
6.001,1,1
6.002,1,1
6.003,1,1
6.004,1,1
6.005,1,1
6.006,1,1
6.007,1,1
6.008,1,1
6.009,1,1
6.01,1,1
6.011,1,1
6.012,1,1
6.013,1,1
6.014,1,1
6.015,1,1
6.016,1,1
6.017,1,1
6.018,1,1
6.019,1,1
6.02,1,1
6.021,1,1
6.022,1,1
6.023,1,1
6.024,1,1
6.025,1,1
6.026,1,1
6.027,1,1
6.028,1,1
6.029,1,1
6.03,1,1
6.031,1,1
6.032,1,1
6.033,1,1
6.034,1,1
6.035,1,1
6.036,1,1
6.037,1,1
6.038,1,1
6.039,1,1
6.04,1,1
6.041,1,1
6.042,1,1
6.043,1,1
6.044,1,1
6.045,1,1
6.046,1,1
6.047,1,1
6.048,1,1
6.049,1,1
6.05,1,1
6.051,1,0
6.052,1,0
6.053,1,0
6.054,1,0
6.055,1,0
6.056,1,0
6.057,1,0
6.058,1,0
6.059,1,0
6.06,1,0
6.061,1,0
6.062,1,0
6.063,1,0
6.064,1,0
6.065,1,0
6.066,1,0
6.067,1,0
6.068,1,0
6.069,1,0
6.07,1,0
6.071,1,0
6.072,1,0
6.073,1,0
6.074,1,0
6.075,1,0
6.076,1,0
6.077,1,0
6.078,1,0
6.079,1,0
6.08,1,0
6.081,1,0
6.082,1,0
6.083,1,0
6.084,1,0
6.085,1,0
6.086,1,0
6.087,1,0
6.088,1,0
6.089,1,0
6.09,1,0
6.091,1,0
6.092,1,0
6.093,1,0
6.094,1,0
6.095,1,0
6.096,1,0
6.097,1,0
6.098,1,0
6.099,1,0
6.1,1,0
6.101,1,1
6.102,1,1
6.103,1,1
6.104,1,1
6.105,1,1
6.106,1,1
6.107,1,1
6.108,1,1
6.109,1,1
6.11,1,1
6.111,1,1
6.112,1,1
6.113,1,1
6.114,1,1
6.115,1,1
6.116,1,1
6.117,1,1
6.118,1,1
6.119,1,1
6.12,1,1
6.121,1,1
6.122,1,1
6.123,1,1
6.124,1,1
6.125,1,1
6.126,1,1
6.127,1,1
6.128,1,1
6.129,1,1
6.13,1,1
6.131,1,1
6.132,1,1
6.133,1,1
6.134,1,1
6.135,1,1
6.136,1,1
6.137,1,1
6.138,1,1
6.139,1,1
6.14,1,1
6.141,1,1
6.142,1,1
6.143,1,1
6.144,1,1
6.145,1,1
6.146,1,1
6.147,1,1
6.148,1,1
6.149,1,1
6.15,1,1
6.151,1,0
6.152,1,0
6.153,1,0
6.154,1,0
6.155,1,0
6.156,1,0
6.157,1,0
6.158,1,0
6.159,1,0
6.16,1,0
6.161,1,0
6.162,1,0
6.163,1,0
6.164,1,0
6.165,1,0
6.166,1,0
6.167,1,0
6.168,1,0
6.169,1,0
6.17,1,0
6.171,1,0
6.172,1,0
6.173,1,0
6.174,1,0
6.175,1,0
6.176,1,0
6.177,1,0
6.178,1,0
6.179,1,0
6.18,1,0
6.181,1,0
6.182,1,0
6.183,1,0
6.184,1,0
6.185,1,0
6.186,1,0
6.187,1,0
6.188,1,0
6.189,1,0
6.19,1,0
6.191,1,0
6.192,1,0
6.193,1,0
6.194,1,0
6.195,1,0
6.196,1,0
6.197,1,0
6.198,1,0
6.199,1,0
6.2,1,0
6.201,1,1
6.202,1,1
6.203,1,1
6.204,1,1
6.205,1,1
6.206,1,1
6.207,1,1
6.208,1,1
6.209,1,1
6.21,1,1
6.211,1,1
6.212,1,1
6.213,1,1
6.214,1,1
6.215,1,1
6.216,1,1
6.217,1,1
6.218,1,1
6.219,1,1
6.22,1,1
6.221,1,1
6.222,1,1
6.223,1,1
6.224,1,1
6.225,1,1
6.226,1,1
6.227,1,1
6.228,1,1
6.229,1,1
6.23,1,1
6.231,1,1
6.232,1,1
6.233,1,1
6.234,1,1
6.235,1,1
6.236,1,1
6.237,1,1
6.238,1,1
6.239,1,1
6.24,1,1
6.241,1,1
6.242,1,1
6.243,1,1
6.244,1,1
6.245,1,1
6.246,1,1
6.247,1,1
6.248,1,1
6.249,1,1
6.25,1,1
6.251,1,0
6.252,1,0
6.253,1,0
6.254,1,0
6.255,1,0
6.256,1,0
6.257,1,0
6.258,1,0
6.259,1,0
6.26,1,0
6.261,1,0
6.262,1,0
6.263,1,0
6.264,1,0
6.265,1,0
6.266,1,0
6.267,1,0
6.268,1,0
6.269,1,0
6.27,1,0
6.271,1,0
6.272,1,0
6.273,1,0
6.274,1,0
6.275,1,0
6.276,1,0
6.277,1,0
6.278,1,0
6.279,1,0
6.28,1,0
6.281,1,0
6.282,1,0
6.283,1,0
6.284,1,0
6.285,1,0
6.286,1,0
6.287,1,0
6.288,1,0
6.289,1,0
6.29,1,0
6.291,1,0
6.292,1,0
6.293,1,0
6.294,1,0
6.295,1,0
6.296,1,0
6.297,1,0
6.298,1,0
6.299,1,0
6.3,1,0
6.301,1,1
6.302,1,1
6.303,1,1
6.304,1,1
6.305,1,1
6.306,1,1
6.307,1,1
6.308,1,1
6.309,1,1
6.31,1,1
6.311,1,1
6.312,1,1
6.313,1,1
6.314,1,1
6.315,1,1
6.316,1,1
6.317,1,1
6.318,1,1
6.319,1,1
6.32,1,1
6.321,1,1
6.322,1,1
6.323,1,1
6.324,1,1
6.325,1,1
6.326,1,1
6.327,1,1
6.328,1,1
6.329,1,1
6.33,1,1
6.331,1,1
6.332,1,1
6.333,1,1
6.334,1,1
6.335,1,1
6.336,1,1
6.337,1,1
6.338,1,1
6.339,1,1
6.34,1,1
6.341,1,1
6.342,1,1
6.343,1,1
6.344,1,1
6.345,1,1
6.346,1,1
6.347,1,1
6.348,1,1
6.349,1,1
6.35,1,1
6.351,1,0
6.352,1,0
6.353,1,0
6.354,1,0
6.355,1,0
6.356,1,0
6.357,1,0
6.358,1,0
6.359,1,0
6.36,1,0
6.361,1,0
6.362,1,0
6.363,1,0
6.364,1,0
6.365,1,0
6.366,1,0
6.367,1,0
6.368,1,0
6.369,1,0
6.37,1,0
6.371,1,0
6.372,1,0
6.373,1,0
6.374,1,0
6.375,1,0
6.376,1,0
6.377,1,0
6.378,1,0
6.379,1,0
6.38,1,0
6.381,1,0
6.382,1,0
6.383,1,0
6.384,1,0
6.385,1,0
6.386,1,0
6.387,1,0
6.388,1,0
6.389,1,0
6.39,1,0
6.391,1,0
6.392,1,0
6.393,1,0
6.394,1,0
6.395,1,0
6.396,1,0
6.397,1,0
6.398,1,0
6.399,1,0
6.4,1,0
6.401,1,1
6.402,1,1
6.403,1,1
6.404,1,1
6.405,1,1
6.406,1,1
6.407,1,1
6.408,1,1
6.409,1,1
6.41,1,1
6.411,1,1
6.412,1,1
6.413,1,1
6.414,1,1
6.415,1,1
6.416,1,1
6.417,1,1
6.418,1,1
6.419,1,1
6.42,1,1
6.421,1,1
6.422,1,1
6.423,1,1
6.424,1,1
6.425,1,1
6.426,1,1
6.427,1,1
6.428,1,1
6.429,1,1
6.43,1,1
6.431,1,1
6.432,1,1
6.433,1,1
6.434,1,1
6.435,1,1
6.436,1,1
6.437,1,1
6.438,1,1
6.439,1,1
6.44,1,1
6.441,1,1
6.442,1,1
6.443,1,1
6.444,1,1
6.445,1,1
6.446,1,1
6.447,1,1
6.448,1,1
6.449,1,1
6.45,1,1
6.451,1,0
6.452,1,0
6.453,1,0
6.454,1,0
6.455,1,0
6.456,1,0
6.457,1,0
6.458,1,0
6.459,1,0
6.46,1,0
6.461,1,0
6.462,1,0
6.463,1,0
6.464,1,0
6.465,1,0
6.466,1,0
6.467,1,0
6.468,1,0
6.469,1,0
6.47,1,0
6.471,1,0
6.472,1,0
6.473,1,0
6.474,1,0
6.475,1,0
6.476,1,0
6.477,1,0
6.478,1,0
6.479,1,0
6.48,1,0
6.481,1,0
6.482,1,0
6.483,1,0
6.484,1,0
6.485,1,0
6.486,1,0
6.487,1,0
6.488,1,0
6.489,1,0
6.49,1,0
6.491,1,0
6.492,1,0
6.493,1,0
6.494,1,0
6.495,1,0
6.496,1,0
6.497,1,0
6.498,1,0
6.499,0,0
6.5,0,0
6.501,0,1
6.502,0,1
6.503,0,1
6.504,0,1
6.505,0,1
6.506,0,1
6.507,0,1
6.508,0,1
6.509,0,1
6.51,0,1
6.511,0,1
6.512,0,1
6.513,0,1
6.514,0,1
6.515,0,1
6.516,0,1
6.517,0,1
6.518,0,1
6.519,0,1
6.52,0,1
6.521,0,1
6.522,0,1
6.523,0,1
6.524,0,1
6.525,0,1
6.526,0,1
6.527,0,1
6.528,0,1
6.529,0,1
6.53,0,1
6.531,0,1
6.532,0,1
6.533,0,1
6.534,0,1
6.535,0,1
6.536,0,1
6.537,0,1
6.538,0,1
6.539,0,1
6.54,0,1
6.541,0,1
6.542,0,1
6.543,0,1
6.544,0,1
6.545,0,1
6.546,0,1
6.547,0,1
6.548,0,1
6.549,0,1
6.55,0,1
6.551,0,0
6.552,0,0
6.553,0,0
6.554,0,0
6.555,0,0
6.556,0,0
6.557,0,0
6.558,0,0
6.559,0,0
6.56,0,0
6.561,0,0
6.562,0,0
6.563,0,0
6.564,0,0
6.565,0,0
6.566,0,0
6.567,0,0
6.568,0,0
6.569,0,0
6.57,0,0
6.571,0,0
6.572,0,0
6.573,0,0
6.574,0,0
6.575,0,0
6.576,0,0
6.577,0,0
6.578,0,0
6.579,0,0
6.58,0,0
6.581,0,0
6.582,0,0
6.583,0,0
6.584,0,0
6.585,0,0
6.586,0,0
6.587,0,0
6.588,0,0
6.589,0,0
6.59,0,0
6.591,0,0
6.592,0,0
6.593,0,0
6.594,0,0
6.595,0,0
6.596,0,0
6.597,0,0
6.598,0,0
6.599,0,0
6.6,0,0
6.601,0,1
6.602,0,1
6.603,0,1
6.604,0,1
6.605,0,1
6.606,0,1
6.607,0,1
6.608,0,1
6.609,0,1
6.61,0,1
6.611,0,1
6.612,0,1
6.613,0,1
6.614,0,1
6.615,0,1
6.616,0,1
6.617,0,1
6.618,0,1
6.619,0,1
6.62,0,1
6.621,0,1
6.622,0,1
6.623,0,1
6.624,0,1
6.625,0,1
6.626,0,1
6.627,0,1
6.628,0,1
6.629,0,1
6.63,0,1
6.631,0,1
6.632,0,1
6.633,0,1
6.634,0,1
6.635,0,1
6.636,0,1
6.637,0,1
6.638,0,1
6.639,0,1
6.64,0,1
6.641,0,1
6.642,0,1
6.643,0,1
6.644,0,1
6.645,0,1
6.646,0,1
6.647,0,1
6.648,0,1
6.649,0,1
6.65,0,1
6.651,0,0
6.652,0,0
6.653,0,0
6.654,0,0
6.655,0,0
6.656,0,0
6.657,0,0
6.658,0,0
6.659,0,0
6.66,0,0
6.661,0,0
6.662,0,0
6.663,0,0
6.664,0,0
6.665,0,0
6.666,0,0
6.667,0,0
6.668,0,0
6.669,0,0
6.67,0,0
6.671,0,0
6.672,0,0
6.673,0,0
6.674,0,0
6.675,0,0
6.676,0,0
6.677,0,0
6.678,0,0
6.679,0,0
6.68,0,0
6.681,0,0
6.682,0,0
6.683,0,0
6.684,0,0
6.685,0,0
6.686,0,0
6.687,0,0
6.688,0,0
6.689,0,0
6.69,0,0
6.691,0,0
6.692,0,0
6.693,0,0
6.694,0,0
6.695,0,0
6.696,0,0
6.697,0,0
6.698,0,0
6.699,0,0
6.7,0,0
6.701,0,1
6.702,0,1
6.703,0,1
6.704,0,1
6.705,0,1
6.706,0,1
6.707,0,1
6.708,0,1
6.709,0,1
6.71,0,1
6.711,0,1
6.712,0,1
6.713,0,1
6.714,0,1
6.715,0,1
6.716,0,1
6.717,0,1
6.718,0,1
6.719,0,1
6.72,0,1
6.721,0,1
6.722,0,1
6.723,0,1
6.724,0,1
6.725,0,1
6.726,0,1
6.727,0,1
6.728,0,1
6.729,0,1
6.73,0,1
6.731,0,1
6.732,0,1
6.733,0,1
6.734,0,1
6.735,0,1
6.736,0,1
6.737,0,1
6.738,0,1
6.739,0,1
6.74,0,1
6.741,0,1
6.742,0,1
6.743,0,1
6.744,0,1
6.745,0,1
6.746,0,1
6.747,0,1
6.748,0,1
6.749,0,1
6.75,0,1
6.751,0,0
6.752,0,0
6.753,0,0
6.754,0,0
6.755,0,0
6.756,0,0
6.757,0,0
6.758,0,0
6.759,0,0
6.76,0,0
6.761,0,0
6.762,0,0
6.763,0,0
6.764,0,0
6.765,0,0
6.766,0,0
6.767,0,0
6.768,0,0
6.769,0,0
6.77,0,0
6.771,0,0
6.772,0,0
6.773,0,0
6.774,0,0
6.775,0,0
6.776,0,0
6.777,0,0
6.778,0,0
6.779,0,0
6.78,0,0
6.781,0,0
6.782,0,0
6.783,0,0
6.784,0,0
6.785,0,0
6.786,0,0
6.787,0,0
6.788,0,0
6.789,0,0
6.79,0,0
6.791,0,0
6.792,0,0
6.793,0,0
6.794,0,0
6.795,0,0
6.796,0,0
6.797,0,0
6.798,0,0
6.799,0,0
6.8,0,0
6.801,0,1
6.802,0,1
6.803,0,1
6.804,0,1
6.805,0,1
6.806,0,1
6.807,0,1
6.808,0,1
6.809,0,1
6.81,0,1
6.811,0,1
6.812,0,1
6.813,0,1
6.814,0,1
6.815,0,1
6.816,0,1
6.817,0,1
6.818,0,1
6.819,0,1
6.82,0,1
6.821,0,1
6.822,0,1
6.823,0,1
6.824,0,1
6.825,0,1
6.826,0,1
6.827,0,1
6.828,0,1
6.829,0,1
6.83,0,1
6.831,0,1
6.832,0,1
6.833,0,1
6.834,0,1
6.835,0,1
6.836,0,1
6.837,0,1
6.838,0,1
6.839,0,1
6.84,0,1
6.841,0,1
6.842,0,1
6.843,0,1
6.844,0,1
6.845,0,1
6.846,0,1
6.847,0,1
6.848,0,1
6.849,0,1
6.85,0,1
6.851,0,0
6.852,0,0
6.853,0,0
6.854,0,0
6.855,0,0
6.856,0,0
6.857,0,0
6.858,0,0
6.859,0,0
6.86,0,0
6.861,0,0
6.862,0,0
6.863,0,0
6.864,0,0
6.865,0,0
6.866,0,0
6.867,0,0
6.868,0,0
6.869,0,0
6.87,0,0
6.871,0,0
6.872,0,0
6.873,0,0
6.874,0,0
6.875,0,0
6.876,0,0
6.877,0,0
6.878,0,0
6.879,0,0
6.88,0,0
6.881,0,0
6.882,0,0
6.883,0,0
6.884,0,0
6.885,0,0
6.886,0,0
6.887,0,0
6.888,0,0
6.889,0,0
6.89,0,0
6.891,0,0
6.892,0,0
6.893,0,0
6.894,0,0
6.895,0,0
6.896,0,0
6.897,0,0
6.898,0,0
6.899,0,0
6.9,0,0
6.901,0,1
6.902,0,1
6.903,0,1
6.904,0,1
6.905,0,1
6.906,0,1
6.907,0,1
6.908,0,1
6.909,0,1
6.91,0,1
6.911,0,1
6.912,0,1
6.913,0,1
6.914,0,1
6.915,0,1
6.916,0,1
6.917,0,1
6.918,0,1
6.919,0,1
6.92,0,1
6.921,0,1
6.922,0,1
6.923,0,1
6.924,0,1
6.925,0,1
6.926,0,1
6.927,0,1
6.928,0,1
6.929,0,1
6.93,0,1
6.931,0,1
6.932,0,1
6.933,0,1
6.934,0,1
6.935,0,1
6.936,0,1
6.937,0,1
6.938,0,1
6.939,0,1
6.94,0,1
6.941,0,1
6.942,0,1
6.943,0,1
6.944,0,1
6.945,0,1
6.946,0,1
6.947,0,1
6.948,0,1
6.949,0,1
6.95,0,1
6.951,0,0
6.952,0,0
6.953,0,0
6.954,0,0
6.955,0,0
6.956,0,0
6.957,0,0
6.958,0,0
6.959,0,0
6.96,0,0
6.961,0,0
6.962,0,0
6.963,0,0
6.964,0,0
6.965,0,0
6.966,0,0
6.967,0,0
6.968,0,0
6.969,0,0
6.97,0,0
6.971,0,0
6.972,0,0
6.973,0,0
6.974,0,0
6.975,0,0
6.976,0,0
6.977,0,0
6.978,0,0
6.979,0,0
6.98,0,0
6.981,0,0
6.982,0,0
6.983,0,0
6.984,0,0
6.985,0,0
6.986,0,0
6.987,0,0
6.988,0,0
6.989,0,0
6.99,0,0
6.991,0,0
6.992,0,0
6.993,0,0
6.994,0,0
6.995,0,0
6.996,0,0
6.997,0,0
6.998,0,0
6.999,1,0
7,1,0
7.001,1,1
7.002,1,1
7.003,1,1
7.004,1,1
7.005,1,1
7.006,1,1
7.007,1,1
7.008,1,1
7.009,1,1
7.01,1,1
7.011,1,1
7.012,1,1
7.013,1,1
7.014,1,1
7.015,1,1
7.016,1,1
7.017,1,1
7.018,1,1
7.019,1,1
7.02,1,1
7.021,1,1
7.022,1,1
7.023,1,1
7.024,1,1
7.025,1,1
7.026,1,1
7.027,1,1
7.028,1,1
7.029,1,1
7.03,1,1
7.031,1,1
7.032,1,1
7.033,1,1
7.034,1,1
7.035,1,1
7.036,1,1
7.037,1,1
7.038,1,1
7.039,1,1
7.04,1,1
7.041,1,1
7.042,1,1
7.043,1,1
7.044,1,1
7.045,1,1
7.046,1,1
7.047,1,1
7.048,1,1
7.049,1,1
7.05,1,1
7.051,1,0
7.052,1,0
7.053,1,0
7.054,1,0
7.055,1,0
7.056,1,0
7.057,1,0
7.058,1,0
7.059,1,0
7.06,1,0
7.061,1,0
7.062,1,0
7.063,1,0
7.064,1,0
7.065,1,0
7.066,1,0
7.067,1,0
7.068,1,0
7.069,1,0
7.07,1,0
7.071,1,0
7.072,1,0
7.073,1,0
7.074,1,0
7.075,1,0
7.076,1,0
7.077,1,0
7.078,1,0
7.079,1,0
7.08,1,0
7.081,1,0
7.082,1,0
7.083,1,0
7.084,1,0
7.085,1,0
7.086,1,0
7.087,1,0
7.088,1,0
7.089,1,0
7.09,1,0
7.091,1,0
7.092,1,0
7.093,1,0
7.094,1,0
7.095,1,0
7.096,1,0
7.097,1,0
7.098,1,0
7.099,1,0
7.1,1,0
7.101,1,1
7.102,1,1
7.103,1,1
7.104,1,1
7.105,1,1
7.106,1,1
7.107,1,1
7.108,1,1
7.109,1,1
7.11,1,1
7.111,1,1
7.112,1,1
7.113,1,1
7.114,1,1
7.115,1,1
7.116,1,1
7.117,1,1
7.118,1,1
7.119,1,1
7.12,1,1
7.121,1,1
7.122,1,1
7.123,1,1
7.124,1,1
7.125,1,1
7.126,1,1
7.127,1,1
7.128,1,1
7.129,1,1
7.13,1,1
7.131,1,1
7.132,1,1
7.133,1,1
7.134,1,1
7.135,1,1
7.136,1,1
7.137,1,1
7.138,1,1
7.139,1,1
7.14,1,1
7.141,1,1
7.142,1,1
7.143,1,1
7.144,1,1
7.145,1,1
7.146,1,1
7.147,1,1
7.148,1,1
7.149,1,1
7.15,1,1
7.151,1,0
7.152,1,0
7.153,1,0
7.154,1,0
7.155,1,0
7.156,1,0
7.157,1,0
7.158,1,0
7.159,1,0
7.16,1,0
7.161,1,0
7.162,1,0
7.163,1,0
7.164,1,0
7.165,1,0
7.166,1,0
7.167,1,0
7.168,1,0
7.169,1,0
7.17,1,0
7.171,1,0
7.172,1,0
7.173,1,0
7.174,1,0
7.175,1,0
7.176,1,0
7.177,1,0
7.178,1,0
7.179,1,0
7.18,1,0
7.181,1,0
7.182,1,0
7.183,1,0
7.184,1,0
7.185,1,0
7.186,1,0
7.187,1,0
7.188,1,0
7.189,1,0
7.19,1,0
7.191,1,0
7.192,1,0
7.193,1,0
7.194,1,0
7.195,1,0
7.196,1,0
7.197,1,0
7.198,1,0
7.199,1,0
7.2,1,0
7.201,1,1
7.202,1,1
7.203,1,1
7.204,1,1
7.205,1,1
7.206,1,1
7.207,1,1
7.208,1,1
7.209,1,1
7.21,1,1
7.211,1,1
7.212,1,1
7.213,1,1
7.214,1,1
7.215,1,1
7.216,1,1
7.217,1,1
7.218,1,1
7.219,1,1
7.22,1,1
7.221,1,1
7.222,1,1
7.223,1,1
7.224,1,1
7.225,1,1
7.226,1,1
7.227,1,1
7.228,1,1
7.229,1,1
7.23,1,1
7.231,1,1
7.232,1,1
7.233,1,1
7.234,1,1
7.235,1,1
7.236,1,1
7.237,1,1
7.238,1,1
7.239,1,1
7.24,1,1
7.241,1,1
7.242,1,1
7.243,1,1
7.244,1,1
7.245,1,1
7.246,1,1
7.247,1,1
7.248,1,1
7.249,1,1
7.25,1,1
7.251,1,0
7.252,1,0
7.253,1,0
7.254,1,0
7.255,1,0
7.256,1,0
7.257,1,0
7.258,1,0
7.259,1,0
7.26,1,0
7.261,1,0
7.262,1,0
7.263,1,0
7.264,1,0
7.265,1,0
7.266,1,0
7.267,1,0
7.268,1,0
7.269,1,0
7.27,1,0
7.271,1,0
7.272,1,0
7.273,1,0
7.274,1,0
7.275,1,0
7.276,1,0
7.277,1,0
7.278,1,0
7.279,1,0
7.28,1,0
7.281,1,0
7.282,1,0
7.283,1,0
7.284,1,0
7.285,1,0
7.286,1,0
7.287,1,0
7.288,1,0
7.289,1,0
7.29,1,0
7.291,1,0
7.292,1,0
7.293,1,0
7.294,1,0
7.295,1,0
7.296,1,0
7.297,1,0
7.298,1,0
7.299,1,0
7.3,1,0
7.301,1,1
7.302,1,1
7.303,1,1
7.304,1,1
7.305,1,1
7.306,1,1
7.307,1,1
7.308,1,1
7.309,1,1
7.31,1,1
7.311,1,1
7.312,1,1
7.313,1,1
7.314,1,1
7.315,1,1
7.316,1,1
7.317,1,1
7.318,1,1
7.319,1,1
7.32,1,1
7.321,1,1
7.322,1,1
7.323,1,1
7.324,1,1
7.325,1,1
7.326,1,1
7.327,1,1
7.328,1,1
7.329,1,1
7.33,1,1
7.331,1,1
7.332,1,1
7.333,1,1
7.334,1,1
7.335,1,1
7.336,1,1
7.337,1,1
7.338,1,1
7.339,1,1
7.34,1,1
7.341,1,1
7.342,1,1
7.343,1,1
7.344,1,1
7.345,1,1
7.346,1,1
7.347,1,1
7.348,1,1
7.349,1,1
7.35,1,1
7.351,1,0
7.352,1,0
7.353,1,0
7.354,1,0
7.355,1,0
7.356,1,0
7.357,1,0
7.358,1,0
7.359,1,0
7.36,1,0
7.361,1,0
7.362,1,0
7.363,1,0
7.364,1,0
7.365,1,0
7.366,1,0
7.367,1,0
7.368,1,0
7.369,1,0
7.37,1,0
7.371,1,0
7.372,1,0
7.373,1,0
7.374,1,0
7.375,1,0
7.376,1,0
7.377,1,0
7.378,1,0
7.379,1,0
7.38,1,0
7.381,1,0
7.382,1,0
7.383,1,0
7.384,1,0
7.385,1,0
7.386,1,0
7.387,1,0
7.388,1,0
7.389,1,0
7.39,1,0
7.391,1,0
7.392,1,0
7.393,1,0
7.394,1,0
7.395,1,0
7.396,1,0
7.397,1,0
7.398,1,0
7.399,1,0
7.4,1,0
7.401,1,1
7.402,1,1
7.403,1,1
7.404,1,1
7.405,1,1
7.406,1,1
7.407,1,1
7.408,1,1
7.409,1,1
7.41,1,1
7.411,1,1
7.412,1,1
7.413,1,1
7.414,1,1
7.415,1,1
7.416,1,1
7.417,1,1
7.418,1,1
7.419,1,1
7.42,1,1
7.421,1,1
7.422,1,1
7.423,1,1
7.424,1,1
7.425,1,1
7.426,1,1
7.427,1,1
7.428,1,1
7.429,1,1
7.43,1,1
7.431,1,1
7.432,1,1
7.433,1,1
7.434,1,1
7.435,1,1
7.436,1,1
7.437,1,1
7.438,1,1
7.439,1,1
7.44,1,1
7.441,1,1
7.442,1,1
7.443,1,1
7.444,1,1
7.445,1,1
7.446,1,1
7.447,1,1
7.448,1,1
7.449,1,1
7.45,1,1
7.451,1,0
7.452,1,0
7.453,1,0
7.454,1,0
7.455,1,0
7.456,1,0
7.457,1,0
7.458,1,0
7.459,1,0
7.46,1,0
7.461,1,0
7.462,1,0
7.463,1,0
7.464,1,0
7.465,1,0
7.466,1,0
7.467,1,0
7.468,1,0
7.469,1,0
7.47,1,0
7.471,1,0
7.472,1,0
7.473,1,0
7.474,1,0
7.475,1,0
7.476,1,0
7.477,1,0
7.478,1,0
7.479,1,0
7.48,1,0
7.481,1,0
7.482,1,0
7.483,1,0
7.484,1,0
7.485,1,0
7.486,1,0
7.487,1,0
7.488,1,0
7.489,1,0
7.49,1,0
7.491,1,0
7.492,1,0
7.493,1,0
7.494,1,0
7.495,1,0
7.496,1,0
7.497,1,0
7.498,1,0
7.499,0,0
7.5,0,0
7.501,0,1
7.502,0,1
7.503,0,1
7.504,0,1
7.505,0,1
7.506,0,1
7.507,0,1
7.508,0,1
7.509,0,1
7.51,0,1
7.511,0,1
7.512,0,1
7.513,0,1
7.514,0,1
7.515,0,1
7.516,0,1
7.517,0,1
7.518,0,1
7.519,0,1
7.52,0,1
7.521,0,1
7.522,0,1
7.523,0,1
7.524,0,1
7.525,0,1
7.526,0,1
7.527,0,1
7.528,0,1
7.529,0,1
7.53,0,1
7.531,0,1
7.532,0,1
7.533,0,1
7.534,0,1
7.535,0,1
7.536,0,1
7.537,0,1
7.538,0,1
7.539,0,1
7.54,0,1
7.541,0,1
7.542,0,1
7.543,0,1
7.544,0,1
7.545,0,1
7.546,0,1
7.547,0,1
7.548,0,1
7.549,0,1
7.55,0,1
7.551,0,0
7.552,0,0
7.553,0,0
7.554,0,0
7.555,0,0
7.556,0,0
7.557,0,0
7.558,0,0
7.559,0,0
7.56,0,0
7.561,0,0
7.562,0,0
7.563,0,0
7.564,0,0
7.565,0,0
7.566,0,0
7.567,0,0
7.568,0,0
7.569,0,0
7.57,0,0
7.571,0,0
7.572,0,0
7.573,0,0
7.574,0,0
7.575,0,0
7.576,0,0
7.577,0,0
7.578,0,0
7.579,0,0
7.58,0,0
7.581,0,0
7.582,0,0
7.583,0,0
7.584,0,0
7.585,0,0
7.586,0,0
7.587,0,0
7.588,0,0
7.589,0,0
7.59,0,0
7.591,0,0
7.592,0,0
7.593,0,0
7.594,0,0
7.595,0,0
7.596,0,0
7.597,0,0
7.598,0,0
7.599,0,0
7.6,0,0
7.601,0,1
7.602,0,1
7.603,0,1
7.604,0,1
7.605,0,1
7.606,0,1
7.607,0,1
7.608,0,1
7.609,0,1
7.61,0,1
7.611,0,1
7.612,0,1
7.613,0,1
7.614,0,1
7.615,0,1
7.616,0,1
7.617,0,1
7.618,0,1
7.619,0,1
7.62,0,1
7.621,0,1
7.622,0,1
7.623,0,1
7.624,0,1
7.625,0,1
7.626,0,1
7.627,0,1
7.628,0,1
7.629,0,1
7.63,0,1
7.631,0,1
7.632,0,1
7.633,0,1
7.634,0,1
7.635,0,1
7.636,0,1
7.637,0,1
7.638,0,1
7.639,0,1
7.64,0,1
7.641,0,1
7.642,0,1
7.643,0,1
7.644,0,1
7.645,0,1
7.646,0,1
7.647,0,1
7.648,0,1
7.649,0,1
7.65,0,1
7.651,0,0
7.652,0,0
7.653,0,0
7.654,0,0
7.655,0,0
7.656,0,0
7.657,0,0
7.658,0,0
7.659,0,0
7.66,0,0
7.661,0,0
7.662,0,0
7.663,0,0
7.664,0,0
7.665,0,0
7.666,0,0
7.667,0,0
7.668,0,0
7.669,0,0
7.67,0,0
7.671,0,0
7.672,0,0
7.673,0,0
7.674,0,0
7.675,0,0
7.676,0,0
7.677,0,0
7.678,0,0
7.679,0,0
7.68,0,0
7.681,0,0
7.682,0,0
7.683,0,0
7.684,0,0
7.685,0,0
7.686,0,0
7.687,0,0
7.688,0,0
7.689,0,0
7.69,0,0
7.691,0,0
7.692,0,0
7.693,0,0
7.694,0,0
7.695,0,0
7.696,0,0
7.697,0,0
7.698,0,0
7.699,0,0
7.7,0,0
7.701,0,1
7.702,0,1
7.703,0,1
7.704,0,1
7.705,0,1
7.706,0,1
7.707,0,1
7.708,0,1
7.709,0,1
7.71,0,1
7.711,0,1
7.712,0,1
7.713,0,1
7.714,0,1
7.715,0,1
7.716,0,1
7.717,0,1
7.718,0,1
7.719,0,1
7.72,0,1
7.721,0,1
7.722,0,1
7.723,0,1
7.724,0,1
7.725,0,1
7.726,0,1
7.727,0,1
7.728,0,1
7.729,0,1
7.73,0,1
7.731,0,1
7.732,0,1
7.733,0,1
7.734,0,1
7.735,0,1
7.736,0,1
7.737,0,1
7.738,0,1
7.739,0,1
7.74,0,1
7.741,0,1
7.742,0,1
7.743,0,1
7.744,0,1
7.745,0,1
7.746,0,1
7.747,0,1
7.748,0,1
7.749,0,1
7.75,0,1
7.751,0,0
7.752,0,0
7.753,0,0
7.754,0,0
7.755,0,0
7.756,0,0
7.757,0,0
7.758,0,0
7.759,0,0
7.76,0,0
7.761,0,0
7.762,0,0
7.763,0,0
7.764,0,0
7.765,0,0
7.766,0,0
7.767,0,0
7.768,0,0
7.769,0,0
7.77,0,0
7.771,0,0
7.772,0,0
7.773,0,0
7.774,0,0
7.775,0,0
7.776,0,0
7.777,0,0
7.778,0,0
7.779,0,0
7.78,0,0
7.781,0,0
7.782,0,0
7.783,0,0
7.784,0,0
7.785,0,0
7.786,0,0
7.787,0,0
7.788,0,0
7.789,0,0
7.79,0,0
7.791,0,0
7.792,0,0
7.793,0,0
7.794,0,0
7.795,0,0
7.796,0,0
7.797,0,0
7.798,0,0
7.799,0,0
7.8,0,0
7.801,0,1
7.802,0,1
7.803,0,1
7.804,0,1
7.805,0,1
7.806,0,1
7.807,0,1
7.808,0,1
7.809,0,1
7.81,0,1
7.811,0,1
7.812,0,1
7.813,0,1
7.814,0,1
7.815,0,1
7.816,0,1
7.817,0,1
7.818,0,1
7.819,0,1
7.82,0,1
7.821,0,1
7.822,0,1
7.823,0,1
7.824,0,1
7.825,0,1
7.826,0,1
7.827,0,1
7.828,0,1
7.829,0,1
7.83,0,1
7.831,0,1
7.832,0,1
7.833,0,1
7.834,0,1
7.835,0,1
7.836,0,1
7.837,0,1
7.838,0,1
7.839,0,1
7.84,0,1
7.841,0,1
7.842,0,1
7.843,0,1
7.844,0,1
7.845,0,1
7.846,0,1
7.847,0,1
7.848,0,1
7.849,0,1
7.85,0,1
7.851,0,0
7.852,0,0
7.853,0,0
7.854,0,0
7.855,0,0
7.856,0,0
7.857,0,0
7.858,0,0
7.859,0,0
7.86,0,0
7.861,0,0
7.862,0,0
7.863,0,0
7.864,0,0
7.865,0,0
7.866,0,0
7.867,0,0
7.868,0,0
7.869,0,0
7.87,0,0
7.871,0,0
7.872,0,0
7.873,0,0
7.874,0,0
7.875,0,0
7.876,0,0
7.877,0,0
7.878,0,0
7.879,0,0
7.88,0,0
7.881,0,0
7.882,0,0
7.883,0,0
7.884,0,0
7.885,0,0
7.886,0,0
7.887,0,0
7.888,0,0
7.889,0,0
7.89,0,0
7.891,0,0
7.892,0,0
7.893,0,0
7.894,0,0
7.895,0,0
7.896,0,0
7.897,0,0
7.898,0,0
7.899,0,0
7.9,0,0
7.901,0,1
7.902,0,1
7.903,0,1
7.904,0,1
7.905,0,1
7.906,0,1
7.907,0,1
7.908,0,1
7.909,0,1
7.91,0,1
7.911,0,1
7.912,0,1
7.913,0,1
7.914,0,1
7.915,0,1
7.916,0,1
7.917,0,1
7.918,0,1
7.919,0,1
7.92,0,1
7.921,0,1
7.922,0,1
7.923,0,1
7.924,0,1
7.925,0,1
7.926,0,1
7.927,0,1
7.928,0,1
7.929,0,1
7.93,0,1
7.931,0,1
7.932,0,1
7.933,0,1
7.934,0,1
7.935,0,1
7.936,0,1
7.937,0,1
7.938,0,1
7.939,0,1
7.94,0,1
7.941,0,1
7.942,0,1
7.943,0,1
7.944,0,1
7.945,0,1
7.946,0,1
7.947,0,1
7.948,0,1
7.949,0,1
7.95,0,1
7.951,0,0
7.952,0,0
7.953,0,0
7.954,0,0
7.955,0,0
7.956,0,0
7.957,0,0
7.958,0,0
7.959,0,0
7.96,0,0
7.961,0,0
7.962,0,0
7.963,0,0
7.964,0,0
7.965,0,0
7.966,0,0
7.967,0,0
7.968,0,0
7.969,0,0
7.97,0,0
7.971,0,0
7.972,0,0
7.973,0,0
7.974,0,0
7.975,0,0
7.976,0,0
7.977,0,0
7.978,0,0
7.979,0,0
7.98,0,0
7.981,0,0
7.982,0,0
7.983,0,0
7.984,0,0
7.985,0,0
7.986,0,0
7.987,0,0
7.988,0,0
7.989,0,0
7.99,0,0
7.991,0,0
7.992,0,0
7.993,0,0
7.994,0,0
7.995,0,0
7.996,0,0
7.997,0,0
7.998,0,0
7.999,1,0
8,1,0
8.001,1,1
8.002,1,1
8.003,1,1
8.004,1,1
8.005,1,1
8.006,1,1
8.007,1,1
8.008,1,1
8.009,1,1
8.01,1,1
8.011,1,1
8.012,1,1
8.013,1,1
8.014,1,1
8.015,1,1
8.016,1,1
8.017,1,1
8.018,1,1
8.019,1,1
8.02,1,1
8.021,1,1
8.022,1,1
8.023,1,1
8.024,1,1
8.025,1,1
8.026,1,1
8.027,1,1
8.028,1,1
8.029,1,1
8.03,1,1
8.031,1,1
8.032,1,1
8.033,1,1
8.034,1,1
8.035,1,1
8.036,1,1
8.037,1,1
8.038,1,1
8.039,1,1
8.04,1,1
8.041,1,1
8.042,1,1
8.043,1,1
8.044,1,1
8.045,1,1
8.046,1,1
8.047,1,1
8.048,1,1
8.049,1,1
8.05,1,1
8.051,1,0
8.052,1,0
8.053,1,0
8.054,1,0
8.055,1,0
8.056,1,0
8.057,1,0
8.058,1,0
8.059,1,0
8.06,1,0
8.061,1,0
8.062,1,0
8.063,1,0
8.064,1,0
8.065,1,0
8.066,1,0
8.067,1,0
8.068,1,0
8.069,1,0
8.07,1,0
8.071,1,0
8.072,1,0
8.073,1,0
8.074,1,0
8.075,1,0
8.076,1,0
8.077,1,0
8.078,1,0
8.079,1,0
8.08,1,0
8.081,1,0
8.082,1,0
8.083,1,0
8.084,1,0
8.085,1,0
8.086,1,0
8.087,1,0
8.088,1,0
8.089,1,0
8.09,1,0
8.091,1,0
8.092,1,0
8.093,1,0
8.094,1,0
8.095,1,0
8.096,1,0
8.097,1,0
8.098,1,0
8.099,1,0
8.1,1,0
8.101,1,1
8.102,1,1
8.103,1,1
8.104,1,1
8.105,1,1
8.106,1,1
8.107,1,1
8.108,1,1
8.109,1,1
8.11,1,1
8.111,1,1
8.112,1,1
8.113,1,1
8.114,1,1
8.115,1,1
8.116,1,1
8.117,1,1
8.118,1,1
8.119,1,1
8.12,1,1
8.121,1,1
8.122,1,1
8.123,1,1
8.124,1,1
8.125,1,1
8.126,1,1
8.127,1,1
8.128,1,1
8.129,1,1
8.13,1,1
8.131,1,1
8.132,1,1
8.133,1,1
8.134,1,1
8.135,1,1
8.136,1,1
8.137,1,1
8.138,1,1
8.139,1,1
8.14,1,1
8.141,1,1
8.142,1,1
8.143,1,1
8.144,1,1
8.145,1,1
8.146,1,1
8.147,1,1
8.148,1,1
8.149,1,1
8.15,1,1
8.151,1,0
8.152,1,0
8.153,1,0
8.154,1,0
8.155,1,0
8.156,1,0
8.157,1,0
8.158,1,0
8.159,1,0
8.16,1,0
8.161,1,0
8.162,1,0
8.163,1,0
8.164,1,0
8.165,1,0
8.166,1,0
8.167,1,0
8.168,1,0
8.169,1,0
8.17,1,0
8.171,1,0
8.172,1,0
8.173,1,0
8.174,1,0
8.175,1,0
8.176,1,0
8.177,1,0
8.178,1,0
8.179,1,0
8.18,1,0
8.181,1,0
8.182,1,0
8.183,1,0
8.184,1,0
8.185,1,0
8.186,1,0
8.187,1,0
8.188,1,0
8.189,1,0
8.19,1,0
8.191,1,0
